Z80ASM SuperFast Relocating Macro Assembler     	    Z80ASM 1.30 Page   1
MASTER1 Z80

    1                   ;
    2                   ;	MASTER.Z80  This is the Z80 CPU main monitor program for my system. 
    3                   ;	Assemble and SLR's Z80ASM Assembler (Can also use the Cromemco Assembler)
    4                   ;	Use:- Z80ASM MASTER FH
    5                   ;
    6                   ;	Since V5.4, this monitor is now split into two sections.
    7                   ;	IF you have the V2 Z80 CPU S100 Board, the 4K monitor can reside in two 4K "Pages" in an 
    8                   ;	8K 28C64 EEPROM (or 27C64 UV-ROM).  There is the "normal" lower 4K monitor where the A12 
    9                   ;	address line is low. This is the "normal" state upon reset (pin 16 of U17 is low which 
   10                   ;	via P39, 7-8 will pull A12 of the EEPROM low, thereby selecting the lower 4K half
   11                   ;	of the 8K ROM. If you are using the original S100Computers Z80 CPU board this
   12                   ;	this is the setup.
   13                   
   14                   ;	If you have the newer V2 board, outputting to port D3H with bit 1 high, will raise the A12 line 
   15                   ;	thereby selecting the top 4K of the EEPROM. Outputting to port D3H with bit 1 low, will bring back 
   16                   ;	the lower 4K section again.  
   17                   ;
   18                   ;	Code for the two "versions" of the monitor are: MASTER0 & MASTER1. The LOW version (MASTER0) will
   19                   ;	reside from 0-FFFH in a 28C64 EEPROM. The HIGH (MASTER1)version will reside from 1000H-1FFFFH
   20                   ;	in the same 28C64 EEPROM.  Clearly there must be code common to both sections. 
   21                   ;	The page switching code is near the start of the monitor.  It is 
   22                   ;	at the location "ACTIVATE_HIGH_PAGE:" and "ACTIVATE_LOW_PAGE". (See below)
   23                   ;
   24                   ;	Currently almost all menu options are in the LOW PAGE of the ROM.  However because of its 
   25                   ;	size, the XModem routine (Menu "X") to download files directly into RAM from another computer 
   26                   ;	(over a serial port) resides in the HIGH PAGE. Almost half of the HIGH PAGE is now free for
   27                   ;	further routines. 
   28                   ;
   29                   ;	To assemble under windows.....
   30                   ;	Load Altair.EXE in the Windows CMD box
   31                   ;	do cpm3
   32                   ;	I:
   33                   ;	I:>Submit master0
   34                   ;	I:>Submit master1
   35                   ;
   36                   ;	Master0.HEX and Master1.HEX are written back to the same windows folder that the PC file "altair.exe" is in.
   37                   ;       If this is not clear see here:- (http://s100computers.com/Software%20Index%20Page.htm)
   38                   ;
   39                   ;	Programming an EEPROM for the V2-Z80 Board with a PROM burner is a little tricky. 
   40                   ;	Using a 28C64 EEPROM and a Wellon VP-290 (or later versions)
   41                   ;	For a monitor at F000H-FFFFH:-
   42                   ;	Load the MASTER0.HEX file, (Make sure the ORG is F000H).
   43                   ;
   44                   ;	Clear Buffer Options:- 00
   45                   ;	Load Buffer Address : 0000
   46                   ;	From File address use:- F000H
   47                   ;	File Size use:- 1000H
   48                   
   49                   ;	This will put the code (4K) in the lower half of the 8K EEPROM, (usually a 28C64). It can be seen/edited 
   50                   ;	at 0000H in the ROM with the Wellon software. You can run this ROM on the S100Computers V2 Z80 CPU board 
   51                   ;	just make sure P39 is jumpered just 3-4 (PROM address line A12 always low).  You can also run it on our earlier 
   52                   ;	Z80 CPU Boards.  You can use all your Z80 monitor commands except (currently) the X Command.
   53                   ;
   54                   ;	To burn an EEPROM that adds code to the upper half of the PROM (and has the XModem command):
   55                   ;	Load the MASTER1.HEX file, Make sure the ORG is F000H. Carefully set the following burner settings
   56                   ;
   57                   ;	Clear Buffer Options:- Disable <-------- Note
   58                   ;	Load Buffer Address : 1000
Z80ASM SuperFast Relocating Macro Assembler     	    Z80ASM 1.30 Page   2
MASTER1 Z80

   59                   ;	From File address use:- F000H
   60                   ;	File Size use:- 1000H
   61                   ;
   62                   ;	Examine the code to be burnt to the EEPROM, It should start at 0H and Run to 1FFFH with the
   63                   ;	early code at 0h the same as at 1000H.
   64                   ;
   65                   ;
   66                   ;	Recent History...
   67                   
   68                   ;		26/2/09		Added ability to switch CO/CI to ACIA serial from PC.
   69                   ;		5/3/09 		Adjust RTS/CTS levels for Modem
   70                   ;	V3.5	6/3/09		Set talker messages for new V-Stamp chip.
   71                   ;		12/09/09	Add SD Systems IO-8 board Serial ports.
   72                   ;	V3.52	16/9/09		Add SD Systems IO-8 Board clock display on signon
   73                   ;	v3.6	21/9/09		Add display command for greater than 64K RAM, removed
   74                   ;	V4.0	10/26/09	Switched in 8255 driven IDE HD Controller (Removed XComp)
   75                   ;				some old commands to make more room.
   76                   ;	V4.1	11/7/09		Added input ports scan/diagnostic
   77                   ;	V4.2	11/14/09	Remove Date (keep time) from Clock (Chip is messed up by CPM3 routine)
   78                   ;				also modified to switch from the SD System assembler to the SLR one.
   79                   ;	V4.21	11/17/09	Removed 8086 jump far setting code
   80                   ;	V4.3	11/18/09	Implement movement of 8086 Monitor code (EPROM) to correct location in RAM space
   81                   ;	V4.31	11/19/09	Check 8086 Monitor ROM->ROM went OK. Added W command.
   82                   ;	V4.32	12/7/09		Turn off any SD Systems 8024 video screen enhancements (flashing, underline etc).
   83                   ;	V4.33	12/25/09	Correct High/Low byte Sector read for IDE board
   84                   ;	V4.34	2/23/10		"O" command, 8086 Far jump to 500H (IF RAM @ FFFF0H), W command boots 8086 from reset at FFFF0H.
   85                   ;	V4.35	3/25/10		"O" command just puts 8086 Far JMP to 500H (IF RAM @ FFFF0H). Done also at each reset.
   86                   ;	V4.4	7/29/10		Removed all SD Systems IO-8. Added S-100Computers I/O board drivers.
   87                   ;	V4.41	7/29/10		Initilization of V-Stamp chip done. Cleaned up Serial port names etc
   88                   ;	V4.42	7/31/10		Switched RTC over to S-100Computers board (Ports A4,A5)
   89                   ;	V4.50	2/7/11		Added Floppy Boot loader for ZFDC board. Still have the Versafloppy loader but no BIOS functions
   90                   ;	V4.51	2/13/11		Check IDE if Boot sector is valid
   91                   ;	V4.52	2/15/11		Pulse CF/IDE cards twice to reset (some) cards properly
   92                   ;	V4.53	2/16/11		Initilize IDE board with IDE RD/WR lines inactive on power-up.
   93                   ;	V4.54	2/28/11		Incoporated new fast multi-sector boot for CPM floppy loading with ZFDC board
   94                   ;	V4.55	2/28/11		"O" command now jumps to SWITCH_8086 (activates 8086) when done
   95                   ;	V4.55a	3/1/11		"O" cmd will just put 33 on Console (temporary 8086 board test)
   96                   ;	V4.56   3/15/11		Re-did IDE drive hardware reset pulse to one (delayed) pulse, then wait for drive ready status.
   97                   ;	V4.57	6/3/11		Set up an equate for IDE drive reset pulse, Fixed Z command (Last version using MM58167 RTC chip)
   98                   ;	V4.6	11/27/11	Switched to Dallas Semiconductor/IBM-PC CMOS-RTC chip & MSDOS Support board for time & dates
   99                   ;	V4.7	3/26/12		Cleaned up IOBYTE options. Added 68000 CPU, I/O to serial port. 
  100                   ;	V4.8	10/27/12	Corrected SERIAL_STAT: error. Further cleaned up info on IOBYTE
  101                   ;	V4.9	11/3/12		Added ability (XH, XL) Command to switch to low/high pages in 28C64 EEPROMS (for V2 Z80 Board)
  102                   ;	V5.0	12/18/13	Add "C" menu option to download a ZModem file from a PC/Serial/USB port directly to RAM
  103                   ;	V5.01	12/30/13	Add PC-Printer routines for new parallel Port Board with ST8C34 chip (ST8C4 = TRUE)
  104                   ;	V5.02	1/31/14		Allow output to port EEH 01h activate TMA0* (8086,80286,80386 Boards) and 02h TMA1* (68000 Board)
  105                   ;	V5.03	7/25/2014	Removed error in Z memu command
  106                   ;	V5.04	7/29/2014	Patched date to show correct century
  107                   ;	V5.1	3/18/2015	Added to test module to output "3" on console with 8986 reset (UP8086:) in High RAM section
  108                   ;	V5.2	12/17/2016	Change master/slave signon message  ("O" commamd) for more general use (multiple slave CPU boards)
  109                   ;       V5.3    11/27/2017      Fix bug for console I/O to serial port if no Propeller Console I/O board is present
  110                   ;	V5.4    12/20/2017	Completely re-did HIGH/LOW ROM page approach. Page menus are now completely transparent to user
  111                   ;	V5.5    7/26/2019	Corrected Monitor Print Signon with printer active. (Was sending continous 0's, Printer LO: inbalance)
  112                   ;	V5.6    2/23/2021	Added IDE Menu for FPGA_DC Board
  113                   ;	V5.7    2/23/2021	Added Serial Board USB port for XModem downloads (X CMD) instead of the serial port.
  114                   ;	V5.8    3/24/2024       Added FPGA_VGA_LCD interface
  115                   ;	V6.0	10/26/2025	Major code rearrangements to make more Low ROM space.  Remove old CPM V1.4 jump table at start and at F800H
  116                   ;	V6.1    10/26/2025      Simplifiy the "B", "O" and "W" commands into one "O" command with TMA 0-3 options
Z80ASM SuperFast Relocating Macro Assembler     	    Z80ASM 1.30 Page   3
MASTER1 Z80

  117                   ;	V6.2	10/26/2025	All multiple ways to download code from a PC to this S100 System (Serial/USB) (X command)
  118                   ;	V6.3	10/27/2025	Reduced modem data transfers from PC to 19,200 baud
  119                   ;	V6.4    10/28/2025	Added Wayne Warthen's code to boot his ROMWBW Disk OS Package on CF & SD Cards
  120                   ;	V6.5	12/04/2025	Check for Console IO via USB port on V3 Z80 CPU Board. IOBYTE & Port E8H
  121                   ;	V6.51	12/04/2025	Added "B" to identify S100 Boards in the bus.
  122                   ;	V6.52	12/04/2025      Add "I" command to boot CPM3 from Dual SD card Board. No IDE/CF board required
  123                   ;	V6.6	12/07/2025	Changed IOBYTE to better detect Console IO.
  124                   ;
  125         0000      FALSE		EQU	0
  126         FFFF      TRUE		EQU	NOT FALSE
  127                   
  128         F000      BASE		EQU	0F000H		;Start or EPROM Location (Assume a 2732 or half of a 28C64)
  129                   					;Note can test running in CPM (set ORG to 100H), BUT disable setting the stack
  130                   					;by commenting out the 4 lines below SETUP_STACK:
  131                   
  132         F000      	ORG	BASE			;<--------<<<<<< LOCATION OF START OF MONITOR (First part)
  133                   					;Normally this monitor will reside at F000H 
  134                   					;The CPM (V1.2) jump table will be at F800H forn some old software I have.
  135                   					;Note. This is not a requirement for all my recent software/CPM3.
  136                   					
  137         FFFF      ST8C4		EQU	TRUE		;TRUE if S100_Parallel_IO Board.  False if IMSAI PIO Board	
  138                   					;in this ROM. Most users can set this option to FALSE 
  139                   
  140         FFFF      V3_Z80CPU_BOARD	EQU	TRUE		;TRUE if the S100Computers V3 Z80 CPU board is present
  141                   					
  142                   
  143         0001      SCROLL	EQU	01H			;Set scrool direction UP.
  144         0007      BELL	EQU	07H
  145         0020      SPACE	EQU	20H
  146         0009      TAB	EQU	09H			;TAB ACROSS (8 SPACES FOR SD-BOARD)
  147         000D      CR	EQU	0DH
  148         000A      LF	EQU	0AH
  149         000C      FF	EQU	0CH
  150         0011      QUIT	EQU	11H			;Turns off any screen enhancements (flashing, underline etc).
  151         0017      NO_ENHANCEMENT	EQU 17H			;Turns off whatever is on
  152         0010      FAST	EQU	10H			;High speed scrool
  153         001B      ESC	EQU	1BH
  154         007F      DELETE	EQU	7FH
  155         0008      BACKS	EQU	08H
  156         001A      CLEAR	EQU	1AH			;TO CLEAR SCREEN
  157         0038      RST7	EQU	38H			;RST 7 (LOCATION FOR TRAP)
  158         0000      NN	EQU	0H			;[I] INITIAL VALUE
  159         0001      SOH	EQU	1			; For XModem etc.
  160         0004      EOT	EQU	4
  161         0006      ACK	EQU	6
  162         0015      NAK	EQU	15H
  163                   
  164                   
  165         0100      STARTCPM EQU	100H			;LOCATION WHERE CPM WILL BE PLACED FOR COLD BOOT
  166         0100      STARTDOS EQU	100H			;LOCATION WHERE MSDOS WILL BE PLACED FOR COLD BOOT
  167         0048      FFILE_SIZE EQU	9000h/512		;SIZE OF 5MSDOS20.COM IN 512 BYTE SECTORS
  168                   ;
  169                   ;
  170                   ;IOBYTE = SENSE SWITCHES AT PORT 0EFH
  171                   ; Note this Monitor assumes tha if there is no IOBYTE hardware port at 0EFH on the bus the Z80 
  172                   ; will read the port input as 0FFH
  173                   ;
  174                   ;  BIT MAP OF PORT 0EFH:- 
Z80ASM SuperFast Relocating Macro Assembler     	    Z80ASM 1.30 Page   4
MASTER1 Z80

  175                   ;  X X X X  X X X X                      (11111111=NORMAL CONFIG)
  176                   ;  | | | |  | | | |..For Z80 Monitor,    0=CONSOLE DATA TO PRINTER ALSO
  177                   ;  | | | |  | | |....For 8086 Monitor,   0=Force MSDOS Console output to CGA/VGA Board 
  178                   ;  | | | |  | |......For 8086 Monitor,   0=Do not initialize MSDOS extra ROMS
  179                   ;  | | | |  |........Unused
  180                   ;  | | | |.............................. Console Device
  181                   ;  | |				         11: Propeller Console IO Board
  182                   ;  | |                                   01: Serial IO Board  LP USB port 
  183                   ;  | |                                   10: Serial I/O Board SCC Port A (19.2K, 1 Stop, NP)
  184                   ;  | |                                   00: VGA/PS2 Keyboard
  185                   ;  | |
  186                   ;  | |                                   Note if the V3 Z80 CPU Board K8 jumper is  jumpered 2-3 all Console IO will 
  187                   ;  | |                                   go to the USB port (ignoring this IOBYTE bits 5&6).
  188                   ;  | |...............For Z80 Monitor     0=Write protect Electralogics "Quasi-Disk" Memory disk for CPM3
  189                   ;  |.................For 8086 Monitor,   0=Prevent doing a JMPF to 500H after 8086 reset (to CPM86 boot)
  190                   ;                                        Normally a test is made to see if the CPM86 Boot is already in RAM at 500H
  191                   ;                                        If it is, a 8086 reset will bypass the monitor and go directly there. 
  192                   ;                                       (see Init: in 8086 Monitor)
  193                   ;                Note if 00xxxxxx,       This will force hardware diagnostic in the 8086 Monitor (See code at FFFF0H)
  194                   ;
  195                   ;
  196                   ;
  197                   ;-------------- PROPELLER CONSOLE_IO (OR SD SYSTEMS VIDIO BOARD) FOR CONSOLE INPUT & OUTPUT
  198         0000      CONSOL_STATUS	EQU	0H	
  199         0001      CONSOL_IN	EQU	01H
  200         0001      CONSOL_OUT	EQU	01H
  201                   
  202                   
  203                   					;IF this monitor ROMM is on the V3 S100 Computers Board you can
  204                   					;use the on-board USB port for console IO instead of the Propeller board.
  205                   					;Bit 0 of port 0E8H must be jumpered (K8) low on the board. Otherewise the USB port is ignored
  206                   
  207         00E9      Z80_USB_DATA	EQU	0E9H		;PORT ASSIGNEMENT FOR DLP-USB Controller chip on V3 S100Computers Z80 CPU board
  208         00E8      Z80_USB_STATUS	EQU	0E8H		;Status port for USB port (Port C of 8255, bits 6,7)
  209                   
  210         0086      VGA_IOBYTE	EQU	86H		;Bit 0=0 Console Output to FPGA_VGA_LCD Board, Bit 1=0 Console input is from that boards PS2 Port
  211         0080      VGA_CONSOL_STATUS EQU	80H
  212         0081      VGA_CONSOL_OUT   EQU	81H
  213                   
  214         0089      PS2_CONSOL_STATUS  EQU	89H
  215         008A      PS2_CONSOL_DATA	   EQU	8AH
  216                   
  217         008E      LCD_DATA_PORT	   EQU  8EH
  218         008F      ESP32_RESET_PORT   EQU  8FH
  219         0088      ACTIVATE_LCD_PORT  EQU  88H		;This pin must be 1 for the ESP32 code to respond
  220                   
  221                   
  222                   ;-------------- THIS IS MY PORT TO OUTPUT DATA TO HP 4050T LASAR PRINTER  (IMSAI 8PIO Board)
  223                   
  224         FFFF      IF	ST8C4				;If S100_Parallel_IO Board for Printer output
  225         00C2      PRINTER_CTRL	EQU	0C2H		;ST8C4 Control Port
  226         00C1      PRINTER_STATUS	EQU	0C1H		;ST8C4 Status port
  227         00C0      PRINTER_OUT	EQU	0C0H		;ST8C4 Data port
  228         000D      PRINTER_ST_LOW	EQU	0DH		;OUT STROBE LOW
  229         000C      PRINTER_ST_HIGH	EQU	0CH		;OUT STROBE HIGH
  230                   
  231                   ELSE
  236                   ENDIF
Z80ASM SuperFast Relocating Macro Assembler     	    Z80ASM 1.30 Page   5
MASTER1 Z80

  237                   
  238         0005      DIAG_LEDS	EQU	5		;OUT, Will use this port (either board) initially for diagnostic LED display.
  239                   
  240                   
  241                   ;-------------- S100Computers SERIAL I/O BOARD PORT ASSIGNMENTS  (A0-AC)
  242                   
  243         00A0      BCTL		EQU	0A0H		;CHANNEL B CONTROL PORT ASSIGNMENTS OF THE ZILOG SCC CHIP ;<--- Adjust as necessary, 
  244         00A2      BDTA		EQU	0A2H		;CHANNEL B DATA
  245         00A1      ACTL		EQU	0A1H		;CHANNEL A CONTROL (MODEM_CTL_PORT)		
  246         00A3      ADTA		EQU	0A3H		;CHANNEL A DATA (MODEM_DATA_PORT)
  247                   
  248         00A8      PortA_8255	EQU	0A8H		;A port of 8255 ;<--- Adjust as necessary
  249         00A9      PortB_8255	EQU	0A9H		;B port of 8255
  250         00AA      PortC_8255	EQU	0AAH		;C Port of 8255
  251         00AB      PortCtrl_8255	EQU	0ABH		;8255 configuration port
  252         0098      AinBout8255cfg	EQU	10011000b	;Set 8255 ports:- A input, B output, 
  253                   
  254         00AC      USB_DATA	EQU	0ACH		;PORT ASSIGNEMENT FOR DLP-USB Controller chip on Serial Board
  255         00AA      USB_STATUS	EQU	0AAH		;Status port for USB port (Port C of 8255, bits 6,7)
  256         0080      USB_RXE		EQU	80H		;If Bit 7 = 0, data available to recieve by S-100 Computer	
  257         0040      USB_TXE		EQU	40H		;If Bit 6 = 0 data CAN be written for transmission to PC
  258                   
  259         00A1      BASE_PORT	EQU	0A1H		;For XModem communication routines
  260         00A1      MODEM_CTL_PORT	EQU	BASE_PORT 	;A1H (Note modem I/O will be on CHANNEL A. Speaker on CHANNEL B
  261         00A3      MODEM_DATA_PORT	EQU	BASE_PORT+2	;A3H 
  262                   
  263         0004      MODEM_SEND_MASK	EQU	4
  264         0004      SEND_READY	EQU	4		;VALUE WHEN READY
  265         0001      MODEM_RECV_MASK	EQU	1
  266         0001      RECV_READY	EQU	1		;BIT ON WHEN READY
  267         0008      MODEM_ERR_LIMIT	EQU	8		;Max number of Modem serial port re-reads aborting
  268         0001      MODEM_RTS_DELAY	EQU	1		;Time to check Modem RTS line (See XMODEM_LOAD & P_XMODEM_LOAD). Not critical.
  269                   
  270         0000      RECVD_SECT_NO	EQU	0H		;IX Offset for XModem Recieved Sector Number
  271         0001      SECTNO		EQU	1H		;IX Offset for XModem CURRENT SECTOR NUMBER 
  272         0002      ERRCT		EQU	2H		;IX Offset for XModem ERROR COUNT
  273         0003      MENU_NUMBER	EQU	3H		;IX Offset for menu selection
  274                   
  275                   
  276                   ;-------------- S100Computers MSDOS Support Board PORT ASSIGNMENTS 
  277                    
  278         0070      CMOS_PORT	EQU	70H		;Base Port for CMOS Clock/Date Chip on MSDOS Support Board
  279         0020      MASTER_PIC_PORT	EQU	20h		;Hardware port the 8259A (two ports 20H & 21H)
  280                   
  281         0017      MasterICW1	equ	00010111B	;EDGE triggered, 4 bytes, single Master,ICW4 needed
  282         0008      MasterICW2	equ	8H		;Base address for 8259A Int Table (IBM-PC uses 8X4 = 20H)
  283         0000      MasterICW3	equ	0H		;No slave
  284         0003      MasterICW4	equ	00000011B	;No special mode, non buffer, Auto EOI, 8086.  ;<<<<,
  285                   
  286                   
  287                   ;--------------- PORTS FOR FOR Z80/WD2793 FDC Board
  288                   
  289         0010      S100_DATA_A	EQU	10H		;IN,  S100 Data port to GET data to from FDC Board
  290         0010      S100_DATA_B	EQU	10H		;OUT, S100 Data port to SEND data to FDC Board
  291         0011      S100_STATUS_A	EQU	11H		;Status port for A
  292         0011      S100_STATUS_B	EQU	11H		;Status port for B
  293         0013      RESET_ZFDC_PORT EQU	13H		;Port to reset ZFDC Z80 CPU.
  294                   
Z80ASM SuperFast Relocating Macro Assembler     	    Z80ASM 1.30 Page   6
MASTER1 Z80

  295         0005      STATUS_DELAY	EQU	5		;Time-out for waiting for ZFDC Board handshake signal (~0.5 seconds @ 10MHz)
  296         0007      DIRECTION_BIT	EQU	7		;Bits for the ZFDC flags 0 = IN, 1 = OUT
  297         0000      DATA_IN_RDY	EQU	0		;Bit for data available from ZFDC board
  298         0001      DATA_OUT_RDY	EQU	1		;Bit for data can be sent to ZFDC board
  299         0001      STD8IBM		EQU	1		;IBM 8" SDSS Diak
  300         0000      NO_ERRORS_FLAG	EQU	0		;No Errors flag for previous cmd, sent back to S-100 BIOS
  301                   
  302                   
  303                   ;Commands to the ZFDC Board:-
  304                   
  305         0003      CMD_RESET_ZFDC	EQU	3H		;Reset the WD2793 chip and Board software
  306         0004      CMD_SET_FORMAT	EQU	4H		;This will select a specified drive and assign a disk format table to that drive
  307         0005      CMD_SET_DRIVE	EQU	5H		;This will select a specified drive (0,1,2,3)
  308         0007      CMD_SET_TRACK	EQU	7H		;This will set head request to a specified track
  309         0008      CMD_SET_SIDE	EQU	8H		;This will set side request to a specified side
  310         0009      CMD_SET_SECTOR	EQU	9H		;This will set sector request to a specified sector
  311         000A      CMD_SET_HOME	EQU	0AH		;This will set head request to Track 0 of CURRENT drive
  312         000B      CMD_STEP_IN	EQU	0BH		;Step head in one track of CURRENT drive
  313         000E      CMD_SEEK_TRACK	EQU	0EH		;Seek to track to (IY+DRIVE_TRACK) with the track verify bit set on CURRENT drive/format
  314         0010      CMD_READ_SECTOR	EQU	10H		;Read data from the CURRENT sector (on current track,side,drive).
  315         0021      CMD_HANDSHAKE	EQU	21H		;Handshake command only sent during board initilization/testing 
  316         0029      CMD_RD_MULTI_SECTOR EQU 29H		;Read data from multiple sectors starting at the CURRENT sector (on current track,side,drive).
  317                   
  318                   
  319                   ;-------------- PORT(S) TO SWITCH MASTER/SLAVE(S)
  320                   
  321         00D0      Z80PORT	EQU	0D0H			;4 PORTS ON Z80 BOARD FOR MEMORY MANAGEMENT (& INT Controller on IA Z80 CPU Board)
  322                   
  323         00D2      MPGSEL_0	EQU	0D2H		; MEM MGR BANK 0 PAGE SELECT REG (0K-16K)
  324         00D3      MPGSEL_1	EQU	0D3H		; MEM MGR BANK 1 PAGE SELECT REG (16K-32K)
  325                   
  326         00EF      IOBYTE		EQU	0EFH		;IOBYTE (SEE ABOVE)
  327         00EE      SW_TMAX		EQU	0EEH		;OUTPUT BIT 0 HIGH FROM THIS PORT LOWERS DMA0* ON THE SMB_V2 (SWITCH IN THE 8086 FAMILY of boards)
  328                   					;OUTPUT BIT 1 HIGH FROM THIS PORT LOWERS DMA1* ON THE SMB_V2 (SWITCH IN THE 68000 CPU Board)
  329                   					;OUTPUT BIT 2 HIGH FROM THIS PORT LOWERS DMA2* ON THE SMB_V2 
  330                   					;OUTPUT BIT 3 HIGH FROM THIS PORT LOWERS DMA3* ON THE SMB_V2 
  331                   
  332         00ED      SW_TMA0	EQU	0EDH			;INPUT FROM THIS PORT LOWERS DMA0* (SWITCHES IN THE 8086 Family of boards)
  333                   
  334                   
  335                   
  336                   ;-------------- VERSAFLOPPY-II	FLOPPY DISK CONTROLLER COMMANDS ETC.
  337                   
  338         0050      X	EQU	50H			;BASE PORT FOR 1791
  339         0050      RSET	EQU	X+0			;CONTROLLER RESET ADDRESS
  340         0053      SELECT	EQU	X+3			;DRIVE SELECT PORT
  341         0054      STATUS	EQU	X+4			;STATUS PORT
  342         0055      TRACK	EQU	X+5			;TRACK PORT
  343         0056      SECTOR	EQU	X+6			;SECTOR PORT
  344         0057      DATA	EQU	X+7			;DATA PORT
  345         0054      CMD	EQU	X+4			;COMMAND PORT
  346                   
  347         0003      CIOBYTE	EQU	03H
  348         0004      CDISK	EQU	04H
  349         0008      ZERO_L	EQU	08H			;Some of my CPM Loader's needs these to be zero!
  350         0009      ZERO_H	EQU	09H			;(The Non Banked version of CPM3). Need to later see why 
  351         0040      @TADDR	EQU	40H
  352         0042      @UNIT	EQU	42H			;NEW @UNIT BYTE
Z80ASM SuperFast Relocating Macro Assembler     	    Z80ASM 1.30 Page   7
MASTER1 Z80

  353         0043      @SCTR	EQU	43H			;SECTOR         (compatible with my old CPM2.2 Versafloppy BIOS)
  354         0044      @TRK	EQU	44H			;TRACK
  355         0045      @NREC	EQU	45H			;# OF SECTORS
  356         0046      @ERMASK	EQU	46H			;ERROR MASK
  357         0047      @ERSTAT	EQU	47H			;ERROR FLAG STORE
  358         0048      @IDSV	EQU	48H			;6 BYTES (USED FOR TRACK ID COMMAND)
  359         004E      @CMDSV	EQU	4EH			;COMMAND SAVE 
  360         004F      @SPSV	EQU	4FH			;SP SAVE 
  361         0051      TEMP2	EQU	51H			;2 BYTE TEMP RECORD
  362         0051      @SIDE	EQU	51H			;SIDE STORE FOR MSDOS DISK
  363         0053      @COUNT	EQU	53H			;SECTORS/TRACK for BOOT (Currently unused)
  364         0055      @UNITCK	EQU	55H			;OLD @UNIT BYTE
  365         0056      @RSEEK	EQU	56H			;NBR OF RESEEKS
  366         0057      @RTRY	EQU	57H			;NBR OF RTRYS
  367         0058      ADRIVE	EQU	58H			;STORE OF A: DRIVE DENSITY ETC TYPE
  368         0059      BDRIVE	EQU	59H			;STORE OF B: DRIVE TYPE
  369         005B      @FDCTYPE EQU	5BH			;0FFH = ZFDC FDC Board Boot, else Versafloppy II FDC Boot,  
  370         005C      @SEC_SIZE EQU	5CH			;Byte count of a sector fot loader
  371         0080      @SSTACK	EQU	80H			;SYSTEM STACK
  372                   
  373         0080      COLD	EQU	80H			;COLD START ADDRESS FOR CPM FLOPPY (ONLY) BOOT LOADER
  374                   
  375         00C0      RDACMD	EQU	0C0H			;READ ADDRESS CODE
  376         0088      RDCMD	EQU	088H			;READ SECTOR CODE
  377         00A8      WRCMD	EQU	0A8H			;WRITE SECTOR CODE
  378         00F4      WRTCMD	EQU	0F4H			;WRITE TRACK CODE
  379         0008      RSCMD	EQU	008H			;RESTORE COMMAND (Note 3 Ms seek)
  380         0018      SKNCMD	EQU	018H			;SEEK NO VERIFY
  381         001C      FSKCMD	EQU	01CH			;FLOPPY SEEK COMAND
  382         000C      RSVCMD	EQU	00CH			;RESTORE WITH VERIFY COMMAND
  383         001F      MSKCMD	EQU	01FH			;MINI FLOPPY SEEK COMMAND
  384                   
  385         00FE      SRMASK	EQU	0FEH			;SECTOR READ ERROR BITS MASK
  386                   
  387         001A      STDSDT	EQU	26			;STANDARD 8" 26 SECTORS/TRACK
  388         0032      STDDDT	EQU	50			;STANDARD DD 8" 50 SECTORS/TRACK
  389         0080      NBYTES	EQU	128			;BYTES/SECTOR 
  390         004D      NTRKS	EQU	77			;TRACKS/DISK
  391                   
  392                   ;-------------- S100Computers IDE HARD DISK CONTROLLER COMMANDS ETC. 
  393                   
  394         0030      IDEAport	EQU	030H		;lower 8 bits of IDE interface
  395         0031      IDEBport	EQU	031H		;upper 8 bits of IDE interface
  396         0032      IDECport	EQU	032H		;control lines for IDE interface
  397         0033      IDECtrl		EQU	033H		;8255 configuration port
  398         0034      IDEDrivePort	EQU	034H		;To select the 1st or 2nd CF card/drive (Not used with this monitor)
  399                   
  400         0020      IDE_Reset_Delay	EQU	020H		;Time delay for reset/initilization (~60 uS, with 10MHz Z80, 2 I/O wait states)
  401                   					
  402         0100      CPM_ADDRESS	EQU	100H		;Will place the CPMLDR.COM Loader here with 
  403                   					;CPMLDR.COM will ALWAYS be on TRK 0,SEC2, (LBA Mode)
  404         000C      SEC_COUNT	EQU	12		;CPMLDR.COM requires (currently) 10, 512 byte sectors
  405                   					;Add extra just in case
  406         0092      RDcfg8255	EQU	10010010B	;Set 8255 IDECport out, IDEAport/B input
  407         0080      WRcfg8255	EQU	10000000B	;Set all three 8255 ports output
  408                   ;
  409         0001      IDEa0line	EQU	01H		;direct from 8255 to IDE interface
  410         0002      IDEa1line	EQU	02H		;direct from 8255 to IDE interface
Z80ASM SuperFast Relocating Macro Assembler     	    Z80ASM 1.30 Page   8
MASTER1 Z80

  411         0004      IDEa2line	EQU	04H		;direct from 8255 to IDE interface
  412         0008      IDEcs0line	EQU	08H		;inverter between 8255 and IDE interface
  413         0010      IDEcs1line	EQU	10H		;inverter between 8255 and IDE interface
  414         0020      IDEwrline	EQU	20H		;inverter between 8255 and IDE interface
  415         0040      IDErdline	EQU	40H		;inverter between 8255 and IDE interface
  416         0080      IDEreset	EQU	80H		;inverter between 8255 and IDE interface
  417                   ;
  418                   ;Symbolic constants for the IDE Drive registers, which makes the
  419                   ;code more readable than always specifying the address pins
  420                   ;
  421         0008      REGdata		EQU	08H		;IDEcs0line
  422         0009      REGerr		EQU	09H		;IDEcs0line + IDEa0line
  423         000A      REGcnt		EQU	0AH		;IDEcs0line + IDEa1line
  424         000B      REGsector	EQU	0BH		;IDEcs0line + IDEa1line + IDEa0line
  425         000C      REGcyLSB	EQU	0CH		;IDEcs0line + IDEa2line
  426         000D      REGcyMSB	EQU	0DH		;IDEcs0line + IDEa2line + IDEa0line
  427         000E      REGshd		EQU	0EH		;IDEcs0line + IDEa2line + IDEa1line		;(0EH)
  428         000F      REGCMD		EQU	0FH		;IDEcs0line + IDEa2line + IDEa1line + IDEa0line	;(0FH)
  429         000F      REGstatus	EQU	0FH		;IDEcs0line + IDEa2line + IDEa1line + IDEa0line
  430         0016      REGcontrol	EQU	16H		;IDEcs1line + IDEa2line + IDEa1line
  431         0017      REGastatus	EQU	17H		;IDEcs1line + IDEa2line + IDEa1line + IDEa0line
  432                   
  433                   ;IDE CMD Constants.  These should never change.
  434         0010      CMDrecal	EQU	10H
  435         0020      CMDread		EQU	20H
  436         0030      CMDwrite	EQU	30H
  437         0091      CMDinit		EQU	91H
  438         00EC      CMDid		EQU	0ECH
  439         00E0      CMDdownspin	EQU	0E0H
  440         00E1      CMDupspin	EQU	0E1H
  441                   ;
  442                   ; IDE Status Register:
  443                   ;  bit 7: Busy	1=busy, 0=not busy
  444                   ;  bit 6: Ready 1=ready for CMD, 0=not ready yet
  445                   ;  bit 5: DF	1=fault occured insIDE drive
  446                   ;  bit 4: DSC	1=seek complete
  447                   ;  bit 3: DRQ	1=data request ready, 0=not ready to xfer yet
  448                   ;  bit 2: CORR	1=correctable error occured
  449                   ;  bit 1: IDX	vendor specific
  450                   ;  bit 0: ERR	1=error occured
  451                   ;
  452                   ;-------------- S100Computers SD Interface ------------------------------------------
  453                   
  454         0080      SD_STAT			EQU	80H	; OFFSET OF STATUS PORT FROM BASE I/O ADDRESS
  455         0081      SD_DATA			EQU	81H	; OFFSET OF DATA PORT FROM BASE I/O ADDRESS
  456                   ;
  457         0080      SD$CMD$INIT0		EQU	80H	; INITIALIZE PRIMARY SD CARD
  458         0081      SD$CMD$INIT1		EQU	81H	; INITIALIZE SECONDARY SD CARD
  459         0082      SD$CMD$SEL0		EQU	82H	; (RE)SELECT PRIMARY SD CARD
  460         0083      SD$CMD$SEL1		EQU	83H	; (RE)SELECT SECONDARY SD CARD
  461         0084      SD$CMD$SETTRKSEC	EQU	84H	; SET TRACK/SECTOR FOR SUBSEQUENT I/O
  462         0085      SD$CMD$READ		EQU	85H	; READ SECTOR FROM SELECTED SD CARD AT CURRENT LBA
  463         0086      SD$CMD$WRITE		EQU	86H	; WRITE SECTOR TO SELECTED SD CARD AT CURRENT LBA
  464         0087      SD$CMD$FORMAT		EQU	87H	; FORMAT SECTOR ON SELECTED SD CARD AT CURRENT LBA
  465         0088      SD$CMD$RESET		EQU	88H	; RESET ESP32 MODULE
  466         0090      SD$CMD$FWVER		EQU	90H	; REPORT ESP32 FIRMWARE VERSION
  467         0091      SD$CMD$SETLBA		EQU	91H	; SET NEW CURRENT LBA (32-BIT)
  468         0092      SD$CMD$TYPE		EQU	92H	; REPORT CARD TYPE OF SELECTED SD CARD
Z80ASM SuperFast Relocating Macro Assembler     	    Z80ASM 1.30 Page   9
MASTER1 Z80

  469         0093      SD$CMD$CAP		EQU	93H	; REPORT CAPACITY (SECTORS) OF SELECTED SD CARD
  470         0094      SD$CMD$CID		EQU	94H	; REPORT CID DATA OF SELECTED SD CARD
  471         0095      SD$CMD$CSD		EQU	95H	; REPORT CSD DATA OF SELECTED SD CARD
  472         0096      SD$CMD$DISP		EQU	96H	; REPORT CSD DATA OF SELECTED SD CARD
  473         0097      SD$CMD$ECHO		EQU	97H	; REPORT CSD DATA OF SELECTED SD CARD
  474                   ;
  475         0000      SD_STAT_OK		EQU	00H	; OPERATION COMPLETED OK
  476         001A      SD_STAT_ERR		EQU	1AH	; OPERATION FAILED
  477                   
  478                   ;
  479                   ;---------------------  MATH BOARD PORTS
  480                   
  481         0080      MATH_DATA_PORT		EQU	80H
  482         0081      MATH_CTRL_PORT		EQU	81H
  483                   
  484         0082      CHIP_8255_A		EQU	82H
  485         0083      CHIP_8255_B		EQU	83H
  486         0084      CHIP_8255_C		EQU	84H
  487         0085      CHIP_8255_CTRL_PORT	EQU	85H
  488                   
  489                   
  490                   ;       ------- SUPER IO Board II PORTS ---------------
  491                   	
  492         0089      SUP_ACTL		EQU	089H		;CHANNEL A CONTROL (For RS232 Port) (#1 UART)	
  493         008B      SUP_ADTA		EQU	08BH		;CHANNEL A DATA (MODEM_DATA_PORT)
  494         0088      SUP_BCTL		EQU	088H		;CHANNEL B CONTROL PORT ASSIGNMENTS OF THE ZILOG (For Speech Synthesizer) (#2 UART)
  495         008A      SUP_BDTA		EQU	08AH		;CHANNEL B DATA (For Speech Synthesizer)
  496                   
  497                   
  498                   ;       ------- FPGA VGA Board PORTS ---------------
  499         0080      VGA_BASE_PORT	   EQU	80H		;SW3 set to ports block 80H or 00H
  500                   
  501         0086      VGA_IOBYTE_PORT    EQU	VGA_BASE_PORT+6H		;Port to communicate with VGA console IO
  502         0080      VGA_CONSOL_STATUS  EQU	VGA_BASE_PORT+0H
  503         0081      VGA_CONSOL_OUT	   EQU	VGA_BASE_PORT+1H		;Port to send data to VGA display
  504         0087      ACTIVATE_VGA_TYPE  EQU	VGA_BASE_PORT+7H		;Toggle between Z80 VGA and 8086+ VGA
  505         0088      ACTIVATE_LCD_PORT  EQU  VGA_BASE_PORT+8H		;This pin must be 1 for the ESP32 code to respond
  506                   	
  507         0089      PS2_CONSOL_STATUS  EQU	VGA_BASE_PORT+9H
  508         008A      PS2_CONSOL_DATA	   EQU	VGA_BASE_PORT+0AH
  509                   ;
  510                   ;
  511                   ;----------------------------------------------------------------------------
  512                   ;
  513                   ;JUMP TABLE TO ROUTINES WITHIN THE MONITOR1.Z80 :-
  514                   
  515                   ;PROGRAM CODE BEGINS HERE
  516                   ;FIRST A JUMP TABLE FOR KEY JUMPS INTO THE MONITOR. NOTE THESE SHOULD NOT BE CHANGED BECAUSE
  517                   ;SOME OF MY OLDER SOFTWARE JUMPS DIRECTLY TO THEM. (WHERE POSSIBLE, TDL's ZAPPLE MONITOR FORMAT IS USED).
  518                   
  519 F000  C3 F01C     ZAPPLE:		JP	ACTIVATE_LOW_PAGE	;INITILIZATION
  520 F003  C3 F10E     ZCI:		JP	HIGH_CI			;CONSOL INPUT
  521 F006  C3 F052     ZRI:		JP	NoHighPageError		;This routine resides on the LOW page ROM
  522 F009  C3 F05B     ZCO:		JP	HIGH_CO			;CONSOL OUTPUT
  523 F00C  C3 F052     ZPOO:		JP	NoHighPageError		;This routine resides on the LOW page ROM
  524 F00F  C3 F173     ZLO:		JP	HIGH_LO			;Printer Output
  525 F012  C3 F0CE     ZCSTS:		JP	HIGH_CSTS		;CONSOL STATUS
  526                   
Z80ASM SuperFast Relocating Macro Assembler     	    Z80ASM 1.30 Page  10
MASTER1 Z80

  527                   ;----------------->>> THIS CODE MUST BE AT THE SAME LOCATION AS FOR THE LOW PAGE ROM CODE <<<---------
  528                   ;
  529 F015              ACTIVATE_HIGH_PAGE:				; SWITCH TO HIGH PAGE of ROM 
  530 F015  00          	NOP
  531 F016  00          	NOP
  532 F017  00          	NOP
  533 F018  00          	NOP
  534 F019  C3 F023     	JP	HIGH_MENU_OPTION
  535                   	
  536 F01C              ACTIVATE_LOW_PAGE:				; RETURN BACK TO LOW PAGE OF ROM
  537 F01C  3E 04       	LD	A,04H				; 04H for MEMORY MANAGEMENT TO OVERLAP + Bit 1 = HIGH PAGE
  538 F01E  D3 D3       	OUT	(Z80PORT+3),A	
  539 F020  C3 F052     	JP	NoHighPageError			; Will arrive here only IF no address line switch. 
  540                   ;
  541                   ;----------------------->>> END OF COMMON CODE LOACTIONS <<<----------------------------------
  542                   ;
  543                   ;
  544 F023              HIGH_MENU_OPTION:
  545 F023  7A          	LD	A,D				; HIGH PAGE code with 1 in [D] for XMODEM
  546 F024  FE 01       	CP	A,1
  547 F026  CA F2D6     	JP	Z,HIGH_XMODEM
  548 F029  FE 02       	CP	A,2
  549 F02B  CA F551     	JP	Z,SDCPM
  550 F02E  FE 03       	CP	A,3
  551 F030  CA F59B     	JP	Z,SDWBW
  552 F033  FE 04       	CP	A,4
  553 F035  CA F656     	JP	Z,SHOW_TIME			;Display Time/Date if hardware is [present
  554 F038  FE 05       	CP	A,5
  555 F03A  CA F740     	JP	Z,HIGH_BOARDS			;Display S100 boards in system
  556 F03D  C3 F040     	JP	INVALID_MENU_ERROR		; The only menu option so far
  557                   	
  558 F040              INVALID_MENU_ERROR:
  559 F040  21 FA86     	LD      HL,INVALID_PARM_MSG		; Point Error Message
  560 F043  CD F298     	CALL	HIGH_PRINT_STRING		; Print string
  561 F046  C3 F01C     	JP	ACTIVATE_LOW_PAGE
  562                   
  563 F049              MENU_ERROR:
  564 F049  21 FA63     	LD      HL,M_ERROR_MSG			; Point Error Message
  565 F04C  CD F298     	CALL	HIGH_PRINT_STRING		; Print string
  566 F04F  C3 F01C     	JP	ACTIVATE_LOW_PAGE
  567                   
  568 F052              NoHighPageError:
  569 F052  21 FA71     	LD	HL,NoHighPageMsg		; "No address line LA13 switch active" 
  570 F055  CD F298     	CALL	HIGH_PRINT_STRING		; Print string
  571 F058  C3 F01C     	JP	ACTIVATE_LOW_PAGE
  572                   ;
  573                   ;
  574                   ;
  575                   ;
  576                   ;<<<<<<<<<<<<<<<<<<<<<< MAIN CONSOL OUTPUT ROUTINE FOR HIGH ROM  >>>>>>>>>>>>>>>>>>>>>>>>>
  577                   ;
  578                   ;	NOTE:  If any changes are made here to the Console IO they must also be done 
  579                   ;              for the "regular" Console IO in the LOW ROM page
  580                   ;
  581                   ;<<<<<<<<<<<<<<<<<<<<<<<<<<<<<<<<<<<<<<<<<<<<<<<<<<<<<<<<<<<<<<<<<<<<<<<<<<<<<<<<<<<<<<<<<<<<<<<<<<
  582                   
  583 F05B              HIGH_CO:
  584         FFFF      IF   V3_Z80CPU_BOARD			; Is this an S100Computers V3 Z80 CPU Board
Z80ASM SuperFast Relocating Macro Assembler     	    Z80ASM 1.30 Page  11
MASTER1 Z80

  585 F05B  DB E8       	IN	A,(Z80_USB_STATUS)	;For V3 Z80 board special case check for USB output
  586 F05D  CB 47       	BIT	0,A			;jumper K8 is set to ground
  587 F05F  CA F0A4     	JP	Z,Z80_USB_OUT		;Special case V3 CPU Board
  588                   ENDIF
  589 F062  DB EF       	IN      A,(IOBYTE)              ; Read IOBYTE (hopefully 0xFF if non-existent)
  590 F064  CB 47               BIT     0,A                     ; Check bit 0 for printer echo
  591 F066  F5                  PUSH    AF                      ; Preserve IOBYTE
  592 F067  CC F173             CALL    Z,HIGH_LO                   ; Do printer echo if requested for ALL outputs below
  593 F06A  F1                  POP     AF                      ; Restore IOBYTE
  594 F06B  E6 30               AND     00110000B               ; Isolate the console device bits
  595 F06D  FE 30               CP      00110000B               ; Propeller?
  596 F06F  28 0D               JR      Z,PROPELLER_CO          ; If so, do it
  597 F071  FE 20               CP      00100000B               ; Serial I/O Board SCC Port A?
  598 F073  CA F1C9             JP      Z,SERIAL_OUT            ; If so, do it
  599 F076  FE 10               CP      00010000B               ; Serial I/O Board DLP USB Port?
  600 F078  CA F090             JP      Z,SERIAL_USB_CO         ; If so, do it
  601 F07B  C3 F09A             JP      VGA_CO                  ; VGA is only other possibility
  602                   	
  603 F07E              PROPELLER_CO:				;Must be standard PROPELLER CONSOLE I/O BOARD for output
  604 F07E  DB 00       	IN	A,(CONSOL_STATUS)	
  605 F080  E6 04       	AND	4H
  606 F082  28 FA       	JR	Z,PROPELLER_CO		;Board not ready yet
  607 F084  79          	LD	A,C
  608 F085  FE 07       	CP	07H			;IS IT A BELL
  609 F087  28 25       	JR	Z,BELL1			;Special case
  610 F089  FE 00       	CP	0H			;SD BOARD CANNOT TAKE A NULL!
  611 F08B  C8          	RET	Z
  612 F08C  D3 01       	OUT	(CONSOL_OUT),A		;Send character
  613 F08E  79          SDCON5:	LD	A,C
  614 F08F  C9          	RET				;RETURN CHARACTER SENT IN [A]
  615                   
  616                   
  617 F090              SERIAL_USB_CO:
  618 F090  DB AA       	IN	A,(USB_STATUS)		;SEND CHARACTER FROM SERIAL BOARD USB PORT (AAH)
  619 F092  E6 40       	AND	A,USB_TXE
  620 F094  20 FA       	JR	NZ,SERIAL_USB_CO
  621 F096  79          	LD	A,C			;GET CHAR
  622 F097  D3 AC       	OUT	(USB_DATA),A
  623 F099  C9          	RET
  624                   
  625 F09A  DB 80       VGA_CO:	IN	A,(VGA_CONSOL_STATUS)	;Check board is ready to recieve character
  626 F09C  CB 47       	BIT	0,A
  627 F09E  28 FA       	JR	Z,VGA_CO
  628 F0A0  79          	LD	A,C
  629 F0A1  D3 81       	OUT	(VGA_CONSOL_OUT),A	;Send 1 character
  630 F0A3  C9          	RET
  631                   
  632 F0A4              Z80_USB_OUT:
  633 F0A4  DB E8       	IN	A,(Z80_USB_STATUS)	;Don't worry PC is always fast enough!
  634 F0A6  E6 40       	AND	A,USB_TXE
  635 F0A8  20 FA       	JR	NZ,Z80_USB_OUT
  636 F0AA  79          	LD	A,C			;GET CHAR
  637 F0AB  D3 E9       	OUT	(Z80_USB_DATA),A
  638 F0AD  C9          	RET
  639                   
  640 F0AE  3E 06       BELL1:	LD	A,06H			;SEND A BELL
  641 F0B0  D3 01       	OUT	(CONSOL_OUT),A
  642 F0B2  3E 0F       	LD	A,0FH
Z80ASM SuperFast Relocating Macro Assembler     	    Z80ASM 1.30 Page  12
MASTER1 Z80

  643 F0B4  CD F0BD     	CALL	DELAY
  644 F0B7  3E 07       	LD	A,07H
  645 F0B9  D3 01       	OUT	(CONSOL_OUT),A
  646 F0BB  18 D1       	JR	SDCON5
  647                   
  648                   
  649 F0BD  3D          DELAY:	DEC	A			;GENERAL COUNT DOWN TIME DELAY
  650 F0BE  C8          	RET	Z			;LENGTH SET IN [A]
  651 F0BF  F5          	PUSH	AF
  652 F0C0  3E 05       	LD	A,05H
  653 F0C2  3D          MORE:	DEC	A
  654 F0C3  F5          	PUSH	AF
  655 F0C4  AF          	XOR	A
  656 F0C5  3D          MORE2:	DEC	A
  657 F0C6  20 FD       	JR	NZ,MORE2
  658 F0C8  F1          	POP	AF
  659 F0C9  20 F7       	JR	NZ,MORE
  660 F0CB  F1          	POP	AF
  661 F0CC  18 EF       	JR	DELAY
  662                   
  663                   ;<<<<<<<<<<<<<<<<<<< MAIN CONSOL STATUS ROUTINE >>>>>>>>>>>>>>>>>>>>>>
  664                   
  665 F0CE              HIGH_CSTS:
  666         FFFF      IF   V3_Z80CPU_BOARD			; Is this an S100Computers V3 Z80 CPU Board
  667 F0CE  DB E8       	IN	A,(Z80_USB_STATUS)	; For V3 Z80 board special case check for USB output
  668 F0D0  CB 47       	BIT	0,A			; jumper K8 is set to ground
  669 F0D2  CA F0FE     	JP	Z,Z80_USB_STAT		; Special case V3 CPU Board
  670                   ENDIF
  671 F0D5  DB EF       	IN      A,(IOBYTE)              ; Read IOBYTE (hopefully 0xFF if non-existent) Printer has no status
  672 F0D7  E6 30               AND     00110000B               ; Isolate the console device bits
  673 F0D9  FE 30               CP      00110000B               ; Propeller?
  674 F0DB  28 0D               JR      Z,PROPELLER_CSTS        ; If so, get it
  675 F0DD  FE 20               CP      00100000B               ; Serial I/O Board SCC Port A?
  676 F0DF  CA F1EB             JP      Z,SERIAL_STAT           ; If so, do it
  677 F0E2  FE 10               CP      00010000B               ; Serial I/O Board DLP USB Port?
  678 F0E4  CA F0F6             JP      Z,SERIAL_USB_STAT       ; If so, do it
  679 F0E7  C3 F106             JP      PS2_STAT                ; PS2 keyboard on FPGA VGA Board is only other possibility
  680                   
  681 F0EA              PROPELLER_CSTS:
  682 F0EA  DB 00       	IN	A,(CONSOL_STATUS)
  683 F0EC  E6 02       	AND	02H
  684 F0EE  CA F0F4     	JP	Z,NOCHAR		
  685 F0F1              GOT_CHAR:
  686 F0F1  AF          	XOR	A
  687 F0F2  3D          	DEC	A			;RETURN WITH 0FFH IN [A] IF SOMETHING
  688 F0F3  C9          	RET
  689 F0F4  AF          NOCHAR: XOR	A			;RETURN WITH 0 IN A IF NOTHING THERE
  690 F0F5  C9          	RET
  691                   
  692                   
  693 F0F6              SERIAL_USB_STAT:
  694 F0F6  DB AA       	IN	A,(USB_STATUS)		;GET CHARACTER FROM SERIAL BOARD USB PORT (AAH) 
  695 F0F8  E6 80       	AND	USB_RXE
  696 F0FA  20 F8       	JR	NZ,NOCHAR
  697 F0FC  18 F3       	JR	GOT_CHAR
  698                   
  699                   
  700 F0FE              Z80_USB_STAT:
Z80ASM SuperFast Relocating Macro Assembler     	    Z80ASM 1.30 Page  13
MASTER1 Z80

  701 F0FE  DB E8       	IN	A,(Z80_USB_STATUS)	;Don't worry PC is always fast enough!
  702 F100  E6 80       	AND	USB_RXE
  703 F102  20 F0       	JR	NZ,NOCHAR
  704 F104  18 EB       	JR	GOT_CHAR
  705                   
  706                   
  707 F106              PS2_STAT: 
  708 F106  DB 89       	IN	A,(PS2_CONSOL_STATUS)	
  709 F108  E6 01       	AND	01H
  710 F10A  28 E8       	JR	Z,NOCHAR		;RETURN WITH 0FFH IN [A] IF SOMETHING
  711 F10C  18 E3       	JR	GOT_CHAR
  712                   
  713                   
  714                   
  715                   
  716                   ;<<<<<<<<<<<<<<<<<<<< MAIN CONSOL INPUT ROUTINE >>>>>>>>>>>>>>>>>>>>
  717                   
  718 F10E              HIGH_CI:
  719         FFFF      IF   V3_Z80CPU_BOARD			; Is this an S100Computers V3 Z80 CPU Board
  720 F10E  DB E8       	IN	A,(Z80_USB_STATUS)	;For V3 Z80 board special case check for USB output
  721 F110  CB 47       	BIT	0,A			;jumper K8 is set to ground
  722 F112  CA F15D     	JP	Z,Z80_USB_IN		;Special case V3 CPU Board
  723                   ENDIF
  724 F115  DB EF       	IN      A,(IOBYTE)              ; Read IOBYTE (hopefully 0xFF if non-existent)
  725 F117  E6 30               AND     00110000B               ; Isolate the console device bits
  726 F119  FE 30               CP      00110000B               ; Propeller?
  727 F11B  28 0D               JR      Z,PROPELLER_CI          ; If so, do it
  728 F11D  FE 20               CP      00100000B               ; Serial I/O Board SCC Port A?
  729 F11F  CA F135             JP      Z,SERIAL_CI             ; If so, do it
  730 F122  FE 10               CP      00010000B               ; Serial I/O Board DLP USB Port?
  731 F124  CA F13E             JP      Z,SERIAL_USB_CI         ; If so, do it
  732 F127  C3 F168             JP      PS2_IN                  ; PS2 is only other possibility
  733                   
  734 F12A              PROPELLER_CI:	
  735 F12A  DB 00       	IN	A,(CONSOL_STATUS)	;Else "normal" Propeller console IN
  736 F12C  E6 02       	AND	02H
  737 F12E  28 FA       	JR	Z,PROPELLER_CI
  738 F130  DB 01       	IN	A,(CONSOL_IN)
  739 F132  E6 7F       	AND	7FH			;7 bits only
  740 F134  C9          	RET
  741                   
  742 F135              SERIAL_CI:
  743 F135  CD F1EB     	CALL	SERIAL_STAT		;See if anything at Serial/Modem input
  744 F138  28 FB       	JR	Z,SERIAL_CI		;No, Keep trying
  745 F13A  CD F1DB     	CALL	SERIAL_IN		;Jump to serial port routine
  746 F13D  C9          	RET
  747                   
  748                   
  749 F13E              SERIAL_USB_CI:				;Its not clear why this delay is required!
  750 F13E  D5          	PUSH	DE			;---- GET CHARACTER FROM SERIAL BOARD VIA USB PORT -----
  751 F13F  11 00BB     HMSEC3:	LD	DE,000BBH		;1 SEC DCR COUNT at 10 MHz (does not have to be accurate)
  752 F142  DB AA       HMWTI4:	IN	A,(USB_STATUS)
  753 F144  E6 80       	AND	A,USB_RXE
  754 F146  28 0C       	JR	Z,HMCHAR4		;GOT CHAR
  755 F148  1D          	DEC	E			;COUNT DOWN
  756 F149  20 F7       	JR	NZ,HMWTI4		;FOR TIMEOUT
  757 F14B  15          	DEC	D
  758 F14C  20 F4       	JR	NZ,HMWTI4
Z80ASM SuperFast Relocating Macro Assembler     	    Z80ASM 1.30 Page  14
MASTER1 Z80

  759 F14E  05          	DEC	B			;DCR # OF SECONDS
  760 F14F  20 EE       	JR	NZ,HMSEC3		;MODEM TIMED OUT RECEIVING
  761 F151  D1          	POP	DE			;RESTORE D,E
  762 F152  37          	SCF				;CARRY SHOWS TIMEOUT
  763 F153  C9          	RET
  764                   					;GOT MODEM CHAR
  765 F154              HMCHAR4:	
  766 F154  DB AC       	IN	A,(USB_DATA)
  767 F156  D1          	POP	DE			;RESTORE DE
  768 F157  F5          	PUSH	AF			;CALC CHECKSUM
  769 F158  81          	ADD	A,C
  770 F159  4F          	LD	C,A
  771 F15A  F1          	POP	AF	
  772 F15B  B7          	OR	A			;TURN OFF CARRY TO SHOW NO TIMEOUT
  773 F15C  C9          	RET
  774                   
  775                   
  776                   
  777 F15D              Z80_USB_IN:
  778 F15D  DB E8       	IN	A,(Z80_USB_STATUS)       
  779 F15F  E6 80       	AND	USB_RXE			;80H
  780 F161  20 FA       	JR	NZ,Z80_USB_IN		;No character yet
  781 F163  DB E9       	IN	A,(Z80_USB_DATA)
  782 F165  E6 7F       	AND	7FH			;7 bits only
  783 F167  C9          	RET
  784                   
  785                   
  786 F168  DB 89       PS2_IN: IN	A,(PS2_CONSOL_STATUS)
  787 F16A  E6 01       	AND	01H
  788 F16C  28 FA       	JR	Z,PS2_IN
  789 F16E  DB 8A       	IN	A,(PS2_CONSOL_DATA)
  790 F170  E6 7F       	AND	7FH			;7 bits only
  791 F172  C9          	RET
  792                   
  793                   
  794                   
  795                   ;
  796                   ;
  797                   ;;>>>>>>>>>>>>>>>>>>>> MAIN PRINTER OUTPUT ROUTINE FOR HIGH ROM<<<<<<<<<<<<<<<<<<<<<
  798                   
  799 F173              HIGH_LO:	
  800 F173  C5          	PUSH	BC
  801 F174  06 FF       	LD	B,0FFH			;First make sure an actual printer is connected
  802 F176  CD F199     LO2:	CALL	LSTAT
  803 F179  20 06       	JR	NZ,LO1			;Printer is ready go to it
  804 F17B  10 F9       	DJNZ	LO2
  805 F17D  C1          	POP	BC
  806 F17E  AF          	XOR	A
  807 F17F  79          	LD	A,C
  808 F180  C9          	RET				;RET Z if Printer problem (Not switched on)
  809                   
  810                   
  811         FFFF      IF	ST8C4				;If S100_Parallel_IO Board for Printer output
  812 F181  C1          LO1:	POP	BC
  813 F182  3E 0C       	LD	A,PRINTER_ST_HIGH	;Make sure strobe is high
  814 F184  D3 C2       	OUT	(PRINTER_CTRL),A
  815 F186  79          	LD	A,C			;Send Data from [C]
  816 F187  D3 C0       	OUT	(PRINTER_OUT),A		
Z80ASM SuperFast Relocating Macro Assembler     	    Z80ASM 1.30 Page  15
MASTER1 Z80

  817 F189  3E 0D       	LD	A,PRINTER_ST_LOW	;Now send strobe High->Low
  818 F18B  D3 C2       	OUT	(PRINTER_CTRL),A
  819 F18D  3E 0C       	LD	A,PRINTER_ST_HIGH	;Now returb strobe back high
  820 F18F  D3 C2       	OUT	(PRINTER_CTRL),A
  821 F191  B7          	OR	A,A
  822 F192  C9          	RET				;Ret NZ if OK
  823                   	
  824                   ELSE					;IMSAI PIO Board PARRELL PORT
  837                   ENDIF
  838                   
  839                   
  840 F193  0E FF       FLUSH:	LD	C,0FFH			;Send a Form Feed to laserJet Printer
  841 F195  CD F173     	CALL	HIGH_LO			;This forces a partial page to be printed
  842 F198  C9          	RET
  843                   	
  844                   ;>>>>>>>>>>>>>>>>>>>>>> PRINTER STATUS ROUTINE <<<<<<<<<<<<<<<<<<<<<<<<
  845                   
  846         FFFF      IF	ST8C4				;If S100_Parallel_IO Board for Printer output
  847 F199  DB C1       LSTAT:	IN	A,(PRINTER_STATUS)   	;0CH status port of ST8C4
  848 F19B  E6 FF       	AND	11111111B    		;For now
  849 F19D  FE DF       	CP	11011111B    		;should see 11011111 if printer is selected, ready, with paper etc.
  850 F19F  28 02       	JR	Z,LSTAT1
  851 F1A1  AF          	XOR	A
  852 F1A2  C9          	RET				;Return Z if not ready
  853 F1A3  AF          LSTAT1:	XOR	A	     		;PUT 0FFH IN [A] IF READY & NO ZERO FLAG
  854 F1A4  3D          	DEC	A
  855 F1A5  C9          	RET	
  856                   ELSE					;IMSAI PIO Board PARRELL PORT
  866                   ENDIF
  867                   ;
  868                   ;
  869                   ;
  870 F1A6              SPEAKOUT:				;Send test to serial board speaker
  871 F1A6  AF          	XOR	A,A			;Will try 256 times, then timeout
  872 F1A7  F5          SPXXX:	PUSH	AF
  873 F1A8  DB A0       	IN	A,(BCTL)		;(A0), Is SCC RX Buffer empty
  874 F1AA  E6 04       	AND	04H
  875 F1AC  20 05       	JR	NZ,SENDS		;NZ if ready to recieve character
  876 F1AE  F1          	POP	AF
  877 F1AF  3D          	DEC	A
  878 F1B0  20 F5       	JR	NZ,SPXXX
  879 F1B2  C9          	RET
  880 F1B3  F1          SENDS:	POP	AF
  881 F1B4  79          	LD	A,C
  882 F1B5  D3 A2       	OUT	(BDTA),A		;(A2), Send it
  883 F1B7  C9          	RET
  884                   ;
  885                   ;SPEAKTOMM THIS IS A ROUTINE TO SEND A STRING TO TALKER [HL] AT STRING
  886 F1B8              HIGH_SPEAK:	
  887 F1B8  7E          	LD	A,(HL)
  888 F1B9  FE 24       	CP	'$'
  889 F1BB  28 07       	JR	Z,SPEAK1
  890 F1BD  4F          	LD	C,A
  891 F1BE  CD F1A6     	CALL	SPEAKOUT
  892 F1C1  23          	INC	HL
  893 F1C2  18 F4       	JR	HIGH_SPEAK
  894 F1C4  0E 0D       SPEAK1:	LD	C,0DH			;MUST END WITH A CR
  895 F1C6  C3 F1A6     	JP	SPEAKOUT
Z80ASM SuperFast Relocating Macro Assembler     	    Z80ASM 1.30 Page  16
MASTER1 Z80

  896                   ;
  897                   ;
  898                   ;
  899                   ;	
  900                   ;>>>>>>>>>>>>>>>>>> S100Computers SERIAL I/O Board <<<<<<<<<<<<<<<<<<<<<<<<<<<<<<<<<
  901                   ; Note the S100Computers I/O board will have the SSC-B set initially to 19,200 Baud 
  902                   ;
  903 F1C9              SERIAL_OUT:	
  904 F1C9  AF          	XOR	A,A			;Will try 256 times, then timeout
  905 F1CA  F5          MODXXX:	PUSH	AF
  906 F1CB  DB A1       	IN	A,(ACTL)		;MODEM/SERIAL OUT
  907 F1CD  E6 04       	AND	04H			;Are we ready for a character
  908 F1CF  20 05       	JR	NZ,SENDM		;NZ if ready to recieve character
  909 F1D1  F1          	POP	AF
  910 F1D2  3D          	DEC	A
  911 F1D3  20 F5       	JR	NZ,MODXXX
  912 F1D5  C9          	RET
  913 F1D6  F1          SENDM:	POP	AF
  914 F1D7  79          	LD	A,C
  915 F1D8  D3 A3       	OUT	(ADTA),A		;Send it
  916 F1DA  C9          	RET
  917                   
  918 F1DB              SERIAL_IN:	
  919 F1DB  AF          	XOR	A,A			;Will try 256 times, then timeout
  920 F1DC              SERIAL_INX:	
  921 F1DC  F5          	PUSH	AF	
  922 F1DD  CD F1EB     	CALL	SERIAL_STAT		;MODEN/SERIAL IN
  923 F1E0  20 05       	JR	NZ,GETMOD
  924 F1E2  F1          	POP	AF
  925 F1E3  3D          	DEC	A
  926 F1E4  20 F6       	JR	NZ,SERIAL_INX
  927 F1E6  C9          	RET
  928 F1E7  F1          GETMOD:	POP	AF	
  929 F1E8  DB A3       	IN	A,(ADTA)
  930 F1EA  C9          	RET
  931                   	
  932 F1EB              SERIAL_STAT:
  933 F1EB  DB A1       	IN	A,(ACTL)
  934 F1ED  E6 01       	AND	01H
  935 F1EF  C8          	RET	Z			;Ret Z if nothing
  936 F1F0  AF          	XOR	A
  937 F1F1  3D          	DEC	A
  938 F1F2  C9          	RET				;Ret FF/NZ if something
  939                   
  940                   
  941                   ;S100Computers Serial I/O Board Initilization
  942                   ;Note Zilog SCC serial port A will be set to 19,200 Baud initially (for XModem etc).
  943                   ;Note Zilog SCC serial port B will be set to 19,200 Baud initially (for speech synthesizer).
  944                   
  945 F1F3              HIGH_INIT_SCC_A:				
  946 F1F3  3E A1       	LD	A,ACTL			;Program Channel A
  947 F1F5  4F          	LD	C,A
  948 F1F6  06 0E       	LD	B,0EH			;Byte count for OTIR below
  949 F1F8  21 F209     	LD	HL,HIGH_SCCINIT_A
  950 F1FB  ED B3       	OTIR
  951 F1FD  C9          	RET
  952                   	
  953 F1FE              HIGH_INIT_SCC_B:
Z80ASM SuperFast Relocating Macro Assembler     	    Z80ASM 1.30 Page  17
MASTER1 Z80

  954 F1FE  3E A0       	LD	A,BCTL			;Program Channel B
  955 F200  4F          	LD	C,A
  956 F201  06 0E       	LD	B,0EH			;Byte count for OTIR below
  957 F203  21 F219     	LD	HL,HIGH_SCCINIT_B
  958 F206  ED B3       	OTIR
  959 F208  C9          	RET
  960                   ;
  961                   ;	
  962 F209              HIGH_SCCINIT_A:
  963 F209  04          	DB	04H			;Point to WR4
  964 F20A  44          	DB	44H			;X16 clock,1 Stop,NP
  965 F20B  03          	DB	03H			;Point to WR3
  966 F20C  C1          	DB	0C1H			;Enable reciever, Auto Enable, Recieve 8 bits	
  967                   ;	DB	0E1H			;Enable reciever, No Auto Enable, Recieve 8 bits (for CTS bit)	
  968 F20D  05          	DB	05H			;Point to WR5
  969 F20E  EA          	DB	0EAH			;Enable, Transmit 8 bits
  970 F20F  0B          	DB	0BH			;Set RTS,DTR, Enable. Point to WR11
  971 F210  56          	DB	56H			;Recieve/transmit clock = BRG
  972 F211  0C          	DB	0CH			;Point to WR12
  973                   ;	DB	40H			;Low Byte 2400 Baud 
  974                   ;	DB	1EH			;Low Byte 4800 Baud 
  975                   ;	DB	0EH			;Low Byte 9600 Baud 
  976 F212  06          	DB	06H			;Low byte 19,200 Baud <<<<<<<<<<< XModem I/O
  977                   ;	DB	02H			;Low byte 38,400 Baud 
  978                   ;	DB	00H			;Low byte 76,800 Baud  
  979 F213  0D          	DB	0DH			;Point to WR13
  980 F214  00          	DB	00H			;High byte for Baud
  981 F215  0E          	DB	0EH			;Point to WR14
  982 F216  01          	DB	01H			;Use 4.9152 MHz Clock. Note SD Systems uses a 2.4576 MHz clock, enable BRG
  983 F217  0F          	DB	0FH			;Point to WR15
  984 F218  00          	DB	00H			;Generate Int with CTS going high
  985                   
  986 F219              HIGH_SCCINIT_B:
  987 F219  04          	DB	04H			;Point to WR4
  988 F21A  44          	DB	44H			;X16 clock,1 Stop,NP
  989 F21B  03          	DB	03H			;Point to WR3
  990 F21C  C1          	DB	0C1H			;Enable reciever, Auto Enable, Recieve 8 bits	
  991 F21D  05          	DB	05H			;Point to WR5
  992 F21E  EA          	DB	0EAH			;Enable, Transmit 8 bits
  993 F21F  0B          	DB	0BH			;Set RTS,DTR, Enable. Point to WR11
  994 F220  56          	DB	56H			;Recieve/transmit clock = BRG
  995 F221  0C          	DB	0CH			;Point to WR12
  996 F222  06          	DB	06H			;Low byte 19,200 Baud <<<<<<<<<<< Note Speech synthizer defaults to this value
  997 F223  0D          	DB	0DH			;Point to WR13
  998 F224  00          	DB	00H			;High byte for Baud
  999 F225  0E          	DB	0EH			;Point to WR14
 1000 F226  01          	DB	01H			;Use 4.9152 MHz Clock. Note SD Systems uses a 2.4576 MHz clock, enable BRG
 1001 F227  0F          	DB	0FH			;Point to WR15
 1002 F228  00          	DB	00H			;Generate Int with CTS going high
 1003                   ;
 1004                   ;
 1005                   ;
 1006                   ;---------------WE NEED A FEW ROUTINES (ALSO IN THE LOW PAGE) TO PROCESS COMMNADS--------------
 1007                   ; 
 1008 F229              HIGH_QCHK:				;TEST FOR DELIMITERS
 1009 F229  FE 20       	CP	SPACE
 1010 F22B  C8          	RET	Z
 1011 F22C  FE 2C       	CP	','
Z80ASM SuperFast Relocating Macro Assembler     	    Z80ASM 1.30 Page  18
MASTER1 Z80

 1012 F22E  C8          	RET	Z
 1013 F22F  FE 0D       	CP	CR
 1014 F231  37          	SCF
 1015 F232  C8          	RET	Z
 1016 F233  3F          	CCF
 1017 F234  C9          	RET 
 1018                   
 1019                   ;KEYBOARD HANDELING ROUTINE (WILL NOT ECHO CR/LF)
 1020                   ;IT CONVERTS LOWER CASE TO UPPER CASE FOR LOOKUP COMMANDS
 1021                   ;ALSO ^C WILL FORCE A JUMP TO BOOT IN CP/M
 1022                   ;ALL OTHERE CHARACTERS ARE ECHOED ON CONSOL
 1023                   
 1024 F235              HIGH_TI:
 1025 F235  CD F10E     	CALL	HIGH_CI
 1026 F238  FE 0D       	CP	CR
 1027 F23A  C8          	RET	Z
 1028 F23B  FE 03       	CP	'C'-40H			;^C TO BOOT IN CP/M
 1029 F23D  CA F052     	JP	Z,NoHighPageError
 1030 F240  C5          	PUSH	BC
 1031 F241  4F          	LD	C,A
 1032 F242  CD F05B     	CALL	HIGH_CO
 1033 F245  79          	LD	A,C
 1034 F246  C1          	POP	BC
 1035 F247  FE 40       	CP	40H			;LC->UC
 1036 F249  D8          	RET	C
 1037 F24A  FE 7B       	CP	7BH
 1038 F24C  D0          	RET	NC
 1039 F24D  E6 5F       SF754:	AND	5FH
 1040 F24F  C9          	RET 
 1041                   
 1042 F250  0E 01       EXPR1:	LD	C,01H			;GET ONE PARAMETER
 1043 F252              HIGH_HEXSP:	
 1044 F252  21 0000     	LD	HL,0000
 1045 F255  CD F235     EX0:	CALL	HIGH_TI
 1046 F258  47          EX1:	LD	B,A
 1047 F259  CD F288     	CALL	HIGH_NIBBLE
 1048 F25C  38 08       	JR	C,EX2X
 1049 F25E  29          	ADD	HL,HL
 1050 F25F  29          	ADD	HL,HL
 1051 F260  29          	ADD	HL,HL
 1052 F261  29          	ADD	HL,HL
 1053 F262  B5          	OR	L
 1054 F263  6F          	LD	L,A
 1055 F264  18 EF       	JR	EX0
 1056 F266  E3          EX2X:	EX	(SP),HL
 1057 F267  E5          	PUSH	HL
 1058 F268  78          	LD	A,B
 1059 F269  CD F229     	CALL	HIGH_QCHK
 1060 F26C  30 02       	JR	NC,SF560
 1061 F26E  0D          	DEC	C
 1062 F26F  C8          	RET	Z
 1063 F270  C2 F2CE     SF560:	JP	NZ,HIGH_ERROR
 1064 F273  0D          	DEC	C
 1065 F274  20 DC       	JR	NZ,HIGH_HEXSP
 1066 F276  C9          	RET 
 1067 F277  0E 01       EXF:	LD	C,01H
 1068 F279  21 0000     	LD	HL,0000H
 1069 F27C  18 DA       	JR	EX1
Z80ASM SuperFast Relocating Macro Assembler     	    Z80ASM 1.30 Page  19
MASTER1 Z80

 1070                   
 1071                   ;CONVERT HEX TO ASCII
 1072                   
 1073 F27E              HIGH_CONV:
 1074 F27E  E6 0F       	AND	0FH
 1075 F280  C6 90       	ADD	A,90H
 1076 F282  27          	DAA 
 1077 F283  CE 40       	ADC	A,40H
 1078 F285  27          	DAA 
 1079 F286  4F          	LD	C,A
 1080 F287  C9          	RET
 1081                   
 1082                   
 1083 F288              HIGH_NIBBLE:	
 1084 F288  D6 30       	SUB	30H
 1085 F28A  D8          	RET	C
 1086 F28B  FE 17       	CP	17H
 1087 F28D  3F          	CCF
 1088 F28E  D8          	RET	C
 1089 F28F  FE 0A       	CP	LF
 1090 F291  3F          	CCF
 1091 F292  D0          	RET	NC
 1092 F293  D6 07       	SUB	07H
 1093 F295  FE 0A       	CP	LF
 1094 F297  C9          	RET
 1095                   
 1096 F298              HIGH_PRINT_STRING:				;A ROUTINE TO PRINT OUT A STRING @ [HL]
 1097 F298  7E          	LD	A,(HL)				;UP TO THE FIRST '$'.
 1098 F299  23          	INC	HL			
 1099 F29A  FE 24       	CP	'$'
 1100 F29C  C8          	RET	Z
 1101 F29D  4F          	LD	C,A
 1102 F29E  CD F05B     	CALL	HIGH_CO
 1103 F2A1  18 F5       	JR	HIGH_PRINT_STRING
 1104                   
 1105                   
 1106                   ;SEND TO CONSOL CR/LF
 1107                   
 1108 F2A3              HIGH_CRLF:
 1109 F2A3  C5          	PUSH	BC
 1110 F2A4  0E 0A       	LD	C,LF
 1111 F2A6  CD F05B     	CALL	HIGH_CO
 1112 F2A9  0E 0D       	LD	C,CR
 1113 F2AB  CD F05B     	CALL	HIGH_CO
 1114 F2AE  C1          	POP	BC
 1115 F2AF  C9          	RET
 1116                   
 1117                   
 1118                   ;PRINT [HL] ON CONSOL
 1119                   
 1120 F2B0              HIGH_LADR:
 1121 F2B0  7C          	LD	A,H
 1122 F2B1  CD F2B5     	CALL	HIGH_LBYTE
 1123 F2B4  7D          	LD	A,L
 1124 F2B5              HIGH_LBYTE:	
 1125 F2B5  F5          	PUSH	AF
 1126 F2B6  0F          	RRCA
 1127 F2B7  0F          	RRCA
Z80ASM SuperFast Relocating Macro Assembler     	    Z80ASM 1.30 Page  20
MASTER1 Z80

 1128 F2B8  0F          	RRCA
 1129 F2B9  0F          	RRCA
 1130 F2BA  CD F2BE     	CALL	SF598
 1131 F2BD  F1          	POP	AF
 1132 F2BE  CD F27E     SF598:	CALL	HIGH_CONV
 1133 F2C1  C3 F05B     	JP	HIGH_CO
 1134                   
 1135 F2C4              PRTDOT:
 1136 F2C4  F5          	PUSH	AF
 1137 F2C5  C5          	PUSH	BC
 1138 F2C6  0E 2E       	LD	C,'.'
 1139 F2C8  CD F05B     	CALL	HIGH_CO
 1140 F2CB  C1          	POP	BC
 1141 F2CC  F1          	POP	AF
 1142 F2CD  C9          	RET
 1143                   
 1144                   
 1145 F2CE              HIGH_ERROR:				;RESTORE SYSTEM AFTER ERROR (Back to low page)
 1146 F2CE  0E 2A       	LD	C,'*'
 1147 F2D0  CD F05B     	CALL	HIGH_CO
 1148 F2D3  C3 F01C     	JP	ACTIVATE_LOW_PAGE
 1149                   
 1150                   ;---------------------------------------------------------------------------------------------------------------
 1151                   ;This code will read a download file from another computer (usually a PC) sent via a serial port and place
 1152                   ;it in RAM at a specified location.  The file must be sent via the XModem protocol. On PC's there are
 1153                   ;many programs that do this. The "Absolute Telnet" program (by Celestial Software) is what I use.
 1154                   
 1155 F2D6              HIGH_XMODEM:
 1156 F2D6  21 F7F3     	LD	HL,MODEM_SIGNON		;Send Modem signon message
 1157 F2D9  CD F298     	CALL	HIGH_PRINT_STRING
 1158                   					
 1159 F2DC  21 0000     	LD	HL,0			;SP to HL
 1160 F2DF  39          	ADD	HL,SP			
 1161 F2E0  11 0040     	LD	DE,40H			;Drop 40H bytes below stack to be safe
 1162 F2E3  ED 52       	SBC	HL,DE
 1163 F2E5  E5          	PUSH	HL
 1164 F2E6  DD E1       	POP	IX			;Will store data in RAM 40H bytes below SP to be safe
 1165                   					
 1166 F2E8  CD F10E     	CALL	HIGH_CI			;Get menu item 1,2 or 3
 1167 F2EB  FE 1B       	CP	A,ESC
 1168 F2ED  CA F2CE     	JP	Z,HIGH_ERROR
 1169 F2F0  DD 77 03    	LD	(IX+MENU_NUMBER),A	;Store menu selection in RAM			
 1170 F2F3  4F          	LD	C,A
 1171 F2F4  CD F05B     	CALL	HIGH_CO
 1172 F2F7  FE 31       	CP	A,'1'
 1173 F2F9  28 0B       	JR	Z,SELECT_SERIAL1
 1174 F2FB  FE 32       	CP	A,'2'
 1175 F2FD  28 1A       	JR	Z,SELECT_SERIAL2
 1176 F2FF  FE 33       	CP	A,'3'
 1177 F301  28 29       	JR	Z,SELECT_Z80_USB
 1178 F303  C3 F2CE     	JP	HIGH_ERROR
 1179                   
 1180 F306              SELECT_SERIAL1:
 1181 F306  DB A1       	IN	A,(MODEM_CTL_PORT)
 1182 F308  FE FF       	CP	A,0FFH
 1183 F30A  CA F323     	JP	Z,NO_SERIAL_1
 1184 F30D  21 F8D2     	LD	HL,MODEM_SCC_MSG	;Send Modem serial parameters
 1185 F310  CD F298     	CALL	HIGH_PRINT_STRING
Z80ASM SuperFast Relocating Macro Assembler     	    Z80ASM 1.30 Page  21
MASTER1 Z80

 1186 F313  CD F1F3     	CALL	HIGH_INIT_SCC_A		;INITITIALIZE THE SCC SERIAL PORT A
 1187 F316  C3 F33C     	JP	SELECT_OK
 1188                   	
 1189 F319              SELECT_SERIAL2:
 1190 F319  DB A1       	IN	A,(MODEM_CTL_PORT)
 1191 F31B  FE FF       	CP	A,0FFH
 1192 F31D  CA F323     	JP	Z,NO_SERIAL_1
 1193 F320  C3 F33C     	JP	SELECT_OK
 1194 F323              NO_SERIAL_1
 1195 F323  21 FD25     	LD	HL,NO_SERIAL_MSGG	;No Serial board detected
 1196 F326  CD F298     	CALL	HIGH_PRINT_STRING
 1197 F329  C3 F01C     	JP	ACTIVATE_LOW_PAGE
 1198                   
 1199                   
 1200 F32C              SELECT_Z80_USB:
 1201 F32C  DB E8       	IN	A,(Z80_USB_STATUS)	
 1202 F32E  FE FF       	CP	A,0FFH
 1203 F330  C2 F33C     	JP	NZ,SELECT_OK		
 1204 F333  21 FD42     	LD	HL,NO_Z80_USB_MSGG	
 1205 F336  CD F298     	CALL	HIGH_PRINT_STRING	;No Z80 USB PortSend Modem serial parameters
 1206 F339  C3 F01C     	JP	ACTIVATE_LOW_PAGE
 1207                   
 1208                   
 1209 F33C              SELECT_OK:
 1210 F33C  AF          	XOR	A,A			;Initilize flags
 1211 F33D  DD 77 00    	LD	(IX+RECVD_SECT_NO),A
 1212 F340  DD 77 01    	LD	(IX+SECTNO),A
 1213 F343  DD 77 02    	LD	(IX+ERRCT),A
 1214                   					
 1215 F346  21 FA40     	LD	HL,MODEM_RAM_LOC	;Get RAM location for where to place code
 1216 F349  CD F298     	CALL	HIGH_PRINT_STRING
 1217 F34C  0E 01       	LD	C,1
 1218 F34E  CD F252     	CALL	HIGH_HEXSP		;Get 16 bit value, put on stack
 1219 F351  FD E1       	POP	IY			;DMA Value now in IY
 1220 F353  CD F2A3     	CALL	HIGH_CRLF
 1221                   				
 1222 F356  06 01       	LD	B,1			;TIMEOUT DELAY
 1223 F358  CD F438     	CALL	RECV			;GOBBLE UP GARBAGE CHARS FROM THE LINE
 1224                   
 1225                   
 1226                   
 1227 F35B              RECV_LOOP:				;------- MAIN RECIEVE LOOP ---------------------
 1228 F35B  AF          	XOR	A,A			;GET 0
 1229 F35C  DD 77 02    	LD	(IX+ERRCT),A		;INITIAL ERROR COUNT SET TO 0
 1230 F35F              RECV_HDR:
 1231 F35F  21 F921     	LD	HL,RMSG
 1232 F362  CD F298     	CALL	HIGH_PRINT_STRING
 1233 F365  DD 7E 01    	LD	A,(IX+SECTNO)		;Get current sector number
 1234 F368  3C          	INC	A
 1235 F369  CD F2B5     	CALL	HIGH_LBYTE			;Show Sector Number on Console
 1236                   
 1237 F36C  21 F9DD     	LD	HL,MODEM_RAM_MSG	;"H.  IF OK, will write to RAM location"
 1238 F36F  CD F298     	CALL	HIGH_PRINT_STRING
 1239 F372  FD E5       	PUSH	IY
 1240 F374  E1          	POP	HL			;IY to HL
 1241 F375  CD F2B0     	CALL	HIGH_LADR			;Show DMA Address
 1242 F378  CD F2A3     	CALL	HIGH_CRLF
 1243                   
Z80ASM SuperFast Relocating Macro Assembler     	    Z80ASM 1.30 Page  22
MASTER1 Z80

 1244 F37B  06 05       	LD	B,5			;5 SEC TIMEOUT
 1245 F37D  CD F438     	CALL	RECV
 1246 F380  D2 F3AE     	JP	NC,RHNTO		;IF ALL OK (NO TIMEOUT), THEN DROP DOWN TO RHNTO TO GET DATA
 1247                   
 1248 F383              RECV_HDR_TIMEOUT:
 1249 F383  CD F4FB     	CALL	TOUT			;PRINT TIMEOUT
 1250                   
 1251 F386              RECV_SECT_ERR:				;PURGE THE LINE OF INPUT CHARS
 1252 F386  06 01       	LD	B,1			;1 SEC W/NO CHARS
 1253 F388  CD F438     	CALL	RECV
 1254 F38B  D2 F386     	JP	NC,RECV_SECT_ERR	;LOOP UNTIL SENDER DONE
 1255 F38E  3E 15       	LD	A,NAK
 1256 F390  CD F4BA     	CALL	SEND			;SEND NAK
 1257                   
 1258 F393  DD 7E 02    	LD	A,(IX+ERRCT)
 1259 F396  3C          	INC	A
 1260 F397  DD 77 02    	LD	(IX+ERRCT),A
 1261 F39A  FE 08       	CP	A,MODEM_ERR_LIMIT
 1262 F39C  DA F35F     	JP	C,RECV_HDR
 1263                   			
 1264 F39F  CD F514     	CALL	CHECK_FOR_QUIT
 1265 F3A2  CA F35F     	JP	Z,RECV_HDR
 1266 F3A5  21 F9C9     	LD	HL,BAD_HEADER_MSG
 1267 F3A8  CD F298     	CALL	HIGH_PRINT_STRING
 1268 F3AB  C3 F54E     	JP	EXIT
 1269                   
 1270                   								
 1271 F3AE  FE 01       RHNTO:	CP	A,SOH			;GOT CHAR - MUST BE SOH
 1272 F3B0  CA F3C8     	JP	Z,GOT_SOH		;Z IF OK
 1273 F3B3  B7          	OR	A,A			;00 FROM SPEED CHECK?
 1274 F3B4  CA F35F     	JP	Z,RECV_HDR
 1275 F3B7  FE 04       	CP	A,EOT
 1276 F3B9  CA F430     	JP	Z,GOT_EOT
 1277                   					;DIDN'T GET SOH - 
 1278 F3BC  CD F2B5     	CALL	HIGH_LBYTE
 1279 F3BF  21 F936     	LD	HL,ERRSOH
 1280 F3C2  CD F298     	CALL	HIGH_PRINT_STRING
 1281 F3C5  C3 F386     	JP	RECV_SECT_ERR
 1282                   
 1283 F3C8              GOT_SOH:
 1284 F3C8  06 01       	LD	B,1
 1285 F3CA  CD F438     	CALL	RECV
 1286 F3CD  DA F383     	JP	C,RECV_HDR_TIMEOUT
 1287 F3D0  57          	LD	D,A			;D=BLK #
 1288 F3D1  06 01       	LD	B,1
 1289 F3D3  CD F438     	CALL	RECV			;GET CMA'D SECT #
 1290 F3D6  DA F383     	JP	C,RECV_HDR_TIMEOUT
 1291 F3D9  2F          	CPL
 1292 F3DA  BA          	CP	A,D			;GOOD SECTOR #?
 1293 F3DB  CA F3E7     	JP	Z,RECV_SECTOR
 1294                   								
 1295 F3DE  21 F94C     	LD	HL,ERR2			;GOT BAD SECTOR #
 1296 F3E1  CD F298     	CALL	HIGH_PRINT_STRING
 1297 F3E4  C3 F386     	JP	RECV_SECT_ERR
 1298                   
 1299                   
 1300 F3E7              RECV_SECTOR:				;Sector is OK, so read data and place in RAM
 1301 F3E7  7A          	LD	A,D			;GET SECTOR #
Z80ASM SuperFast Relocating Macro Assembler     	    Z80ASM 1.30 Page  23
MASTER1 Z80

 1302 F3E8  DD 77 00    	LD	(IX+RECVD_SECT_NO),A
 1303 F3EB  0E 00       	LD	C,0			;INIT CKSUM
 1304 F3ED  1E 80       	LD	E,80H			;Sector Byte Count
 1305 F3EF  FD E5       	PUSH	IY
 1306 F3F1  E1          	POP	HL			;DMA address (IY) to HL
 1307                   					
 1308 F3F2              RECV_CHAR:
 1309 F3F2  06 01       	LD	B,1			;1 SEC TIMEOUT
 1310 F3F4  CD F438     	CALL	RECV			;GET CHAR
 1311 F3F7  DA F383     	JP	C,RECV_HDR_TIMEOUT
 1312 F3FA  77          	LD	(HL),A			;STORE CHAR
 1313 F3FB  23          	INC	HL		
 1314 F3FC  1D          	DEC	E			;Next sector byte
 1315 F3FD  C2 F3F2     	JP	NZ,RECV_CHAR
 1316                   
 1317                   					;VERIFY CHECKSUM
 1318 F400  51          	LD	D,C			;SAVE CHECKSUM
 1319 F401  06 01       	LD	B,1			;TIMEOUT
 1320 F403  CD F438     	CALL	RECV			;GET CHECKSUM
 1321 F406  DA F383     	JP	C,RECV_HDR_TIMEOUT
 1322 F409  BA          	CP	A,D			;CHECK
 1323 F40A  C2 F427     	JP	NZ,RECV_CKSUM_ERR
 1324                   
 1325                   					;GOT A SECTOR, WRITE IF = 1+PREV SECTOR
 1326 F40D  DD 7E 00    	LD	A,(IX+RECVD_SECT_NO)
 1327 F410  47          	LD	B,A			;SAVE IT
 1328 F411  DD 7E 01    	LD	A,(IX+SECTNO)		;GET PREV
 1329 F414  3C          	INC	A			;CALC NEXT SECTOR #
 1330 F415  B8          	CP	B			;MATCH?
 1331 F416  C2 F41C     	JP	NZ,DO_ACK
 1332 F419  DD 77 01    	LD	(IX+SECTNO),A		;UPDATE SECTOR #
 1333 F41C  3E 06       DO_ACK:	LD	A,ACK
 1334 F41E  CD F4BA     	CALL	SEND
 1335                   				
 1336 F421  E5          	PUSH	HL			;ALL OK SO SAVE DMA Address in IY
 1337 F422  FD E1       	POP	IY			
 1338 F424  C3 F35B     	JP	RECV_LOOP		;Back to Top recieve loop
 1339                   
 1340 F427              RECV_CKSUM_ERR:
 1341 F427  21 F964     	LD	HL,ERR3
 1342 F42A  CD F298     	CALL	HIGH_PRINT_STRING
 1343 F42D  C3 F386     	JP	RECV_SECT_ERR
 1344                   
 1345 F430              GOT_EOT:
 1346 F430  3E 06       	LD	A,ACK			;ACK THE EOT
 1347 F432  CD F4BA     	CALL	SEND
 1348 F435  C3 F542     	JP	XFER_CPLT
 1349                   
 1350                   ;----------------------------------------------------
 1351                   ;   XMODEM SERIAL OR USB PORT GET CHARACTER ROUTINE
 1352                   ;----------------------------------------------------
 1353                   
 1354 F438  DD 7E 03    RECV:	LD	A,(IX+MENU_NUMBER)	;Get menu selection from above			
 1355 F43B  FE 31       	CP	A,'1'			;To redirect character through the correct IO port
 1356 F43D  CA F44D     	JP	Z,RECV_1		;Serial board serial port for I/O
 1357 F440  FE 32       	CP	A,'2'
 1358 F442  CA F47C     	JP	Z,RECV_2		;Serial board USB port for I/O
 1359 F445  FE 33       	CP	A,'3'
Z80ASM SuperFast Relocating Macro Assembler     	    Z80ASM 1.30 Page  24
MASTER1 Z80

 1360 F447  CA F49B     	JP	Z,RECV_3		;Z80 CPU Board for I/O
 1361 F44A  C3 F2CE     	JP	HIGH_ERROR
 1362                   
 1363                   
 1364 F44D  D5          RECV_1:	PUSH	DE			;---- GET CHARACTER FEOM SERIAL BOARD VIA SERIAL PORT -----
 1365 F44E  3E 05       	LD	A,5H			;Lower RTS line
 1366 F450  D3 A1       	OUT	MODEM_CTL_PORT,A	;Sel Reg 5
 1367 F452  3E EA       	LD	A,11101010B		;EAH
 1368 F454  D3 A1       	OUT	MODEM_CTL_PORT,A
 1369 F456  00          	NOP
 1370 F457  00          	NOP
 1371 F458  11 BBBB     MSEC1:	LD	DE,0BBBBH		;1 SEC DCR COUNT
 1372 F45B  DB A1       MWTI1:	IN	A,MODEM_CTL_PORT
 1373 F45D  E6 01       	AND	A,MODEM_RECV_MASK
 1374 F45F  FE 01       	CP	A,RECV_READY
 1375 F461  CA F473     	JP	Z,MCHAR1		;GOT CHAR
 1376 F464  1D          	DEC	E			;COUNT DOWN
 1377 F465  C2 F45B     	JP	NZ,MWTI1		;FOR TIMEOUT
 1378 F468  15          	DEC	D
 1379 F469  C2 F45B     	JP	NZ,MWTI1
 1380 F46C  05          	DEC	B			;DCR # OF SECONDS
 1381 F46D  C2 F458     	JP	NZ,MSEC1		;MODEM TIMED OUT RECEIVING
 1382 F470  D1          	POP	DE			;RESTORE D,E
 1383 F471  37          	SCF				;CARRY SHOWS TIMEOUT
 1384 F472  C9          	RET
 1385                   								;GOT MODEM CHAR
 1386 F473  DB A3       MCHAR1:	IN	A,MODEM_DATA_PORT
 1387 F475  D1          	POP	DE			;RESTORE DE
 1388 F476  F5          	PUSH	AF			;CALC CHECKSUM
 1389 F477  81          	ADD	A,C
 1390 F478  4F          	LD	C,A
 1391 F479  F1          	POP	AF
 1392 F47A  B7          	OR	A,A			;TURN OFF CARRY TO SHOW NO TIMEOUT
 1393 F47B  C9          	RET
 1394                   
 1395                   
 1396 F47C  D5          RECV_2:	PUSH	DE			;---- GET CHARACTER FROM SERIAL BOARD VIA USB PORT -----
 1397 F47D  11 BBBB     MSEC2:	LD	DE,0BBBBH		;1 SEC DCR COUNT at 10 MHz (does not have to be accurate)
 1398 F480  DB AA       MWTI2:	IN	A,(USB_STATUS)
 1399 F482  E6 80       	AND	A,USB_RXE
 1400 F484  28 0C       	JR	Z,MCHAR2		;GOT CHAR
 1401 F486  1D          	DEC	E			;COUNT DOWN
 1402 F487  20 F7       	JR	NZ,MWTI2		;FOR TIMEOUT
 1403 F489  15          	DEC	D
 1404 F48A  20 F4       	JR	NZ,MWTI2
 1405 F48C  05          	DEC	B			;DCR # OF SECONDS
 1406 F48D  20 EE       	JR	NZ,MSEC2		;MODEM TIMED OUT RECEIVING
 1407 F48F  D1          	POP	DE			;RESTORE D,E
 1408 F490  37          	SCF				;CARRY SHOWS TIMEOUT
 1409 F491  C9          	RET
 1410                   					;GOT MODEM CHAR
 1411 F492  DB AC       MCHAR2	IN	A,(USB_DATA)
 1412 F494  D1          	POP	DE			;RESTORE DE
 1413 F495  F5          	PUSH	AF			;CALC CHECKSUM
 1414 F496  81          	ADD	A,C
 1415 F497  4F          	LD	C,A
 1416 F498  F1          	POP	AF	
 1417 F499  B7          	OR	A			;TURN OFF CARRY TO SHOW NO TIMEOUT
Z80ASM SuperFast Relocating Macro Assembler     	    Z80ASM 1.30 Page  25
MASTER1 Z80

 1418 F49A  C9          	RET
 1419                   
 1420 F49B  D5          RECV_3:	PUSH	DE			;---- GET CHARACTER FROM V3 Z80 CPU BOARD USB PORT -----
 1421 F49C  11 BBBB     MSEC3:	LD	DE,0BBBBH		;1 SEC DCR COUNT at 10 MHz (does not have to be accurate)
 1422 F49F  DB E8       MWTI3:	IN	A,(Z80_USB_STATUS)
 1423 F4A1  E6 80       	AND	A,USB_RXE
 1424 F4A3  28 0C       	JR	Z,MCHAR3		;GOT CHAR
 1425 F4A5  1D          	DEC	E			;COUNT DOWN
 1426 F4A6  20 F7       	JR	NZ,MWTI3		;FOR TIMEOUT
 1427 F4A8  15          	DEC	D
 1428 F4A9  20 F4       	JR	NZ,MWTI3
 1429 F4AB  05          	DEC	B			;DCR # OF SECONDS
 1430 F4AC  20 EE       	JR	NZ,MSEC3		;MODEM TIMED OUT RECEIVING
 1431 F4AE  D1          	POP	DE			;RESTORE D,E
 1432 F4AF  37          	SCF				;CARRY SHOWS TIMEOUT
 1433 F4B0  C9          	RET
 1434                   					;GOT MODEM CHAR
 1435 F4B1  DB E9       MCHAR3	IN	A,(Z80_USB_DATA)
 1436 F4B3  D1          	POP	DE			;RESTORE DE
 1437 F4B4  F5          	PUSH	AF			;CALC CHECKSUM
 1438 F4B5  81          	ADD	A,C
 1439 F4B6  4F          	LD	C,A
 1440 F4B7  F1          	POP	AF	
 1441 F4B8  B7          	OR	A			;TURN OFF CARRY TO SHOW NO TIMEOUT
 1442 F4B9  C9          	RET
 1443                   
 1444                   
 1445                   					
 1446                   ;----------------------------------------------------
 1447                   ;   XMODEM SERIAL OR USB PORT SEND CHARACTER ROUTINE
 1448                   ;----------------------------------------------------
 1449                   				
 1450 F4BA  F5          SEND	PUSH	AF			;CHECK OUTPUT
 1451 F4BB  81          	ADD	A,C			;CALC CKSUM
 1452 F4BC  4F          	LD	C,A
 1453                   
 1454 F4BD  DD 7E 03    	LD	A,(IX+MENU_NUMBER)	;Get menu selection from above			
 1455 F4C0  FE 31       	CP	A,'1'
 1456 F4C2  CA F4D2     	JP	Z,SENDW_1		;Serial board serial port for I/O
 1457 F4C5  FE 32       	CP	A,'2'
 1458 F4C7  CA F4E7     	JP	Z,SENDW_2		;Serial board USB port for I/O
 1459 F4CA  FE 33       	CP	A,'3'
 1460 F4CC  CA F4F1     	JP	Z,SENDW_3		;Z80 CPU Board for I/O
 1461 F4CF  C3 F2CE     	JP	HIGH_ERROR
 1462                   
 1463 F4D2  DB A1       SENDW_1:IN	A,MODEM_CTL_PORT	;---- SEND CHARACTER FEOM SERIAL BOARD VIA SERIAL PORT -----
 1464 F4D4  E6 04       	AND	A,MODEM_SEND_MASK
 1465 F4D6  FE 04       	CP	A,SEND_READY
 1466 F4D8  C2 F4D2     	JP	NZ,SENDW_1
 1467 F4DB  F1          	POP	AF			;GET CHAR
 1468 F4DC  D3 A3       	OUT	MODEM_DATA_PORT,A
 1469                   				
 1470 F4DE  3E 05       	LD	A,5H			;while the Z80 is busy processing info
 1471 F4E0  D3 A1       	OUT	MODEM_CTL_PORT,A	;Sel Reg 5
 1472 F4E2  3E E8       	LD	A,11101000B		;E8H
 1473 F4E4  D3 A1       	OUT	MODEM_CTL_PORT,A
 1474 F4E6  C9          	RET
 1475                   
Z80ASM SuperFast Relocating Macro Assembler     	    Z80ASM 1.30 Page  26
MASTER1 Z80

 1476                   	
 1477                   	 
 1478 F4E7  DB AA       SENDW_2:IN	A,(USB_STATUS)		;---- GET CHARACTER FROM SERIAL BOARD USB PORT -----
 1479 F4E9  E6 40       	AND	A,USB_TXE
 1480 F4EB  20 FA       	JR	NZ,SENDW_2
 1481 F4ED  F1          	POP	AF			;GET CHAR
 1482 F4EE  D3 AC       	OUT	(USB_DATA),A
 1483 F4F0  C9          	RET
 1484                   
 1485 F4F1  DB E8       SENDW_3:IN	A,(Z80_USB_STATUS)	;---- SEND CHARACTER FEOM V3 Z80 CPU BOARD USB PORT -----
 1486 F4F3  E6 40       	AND	A,USB_TXE
 1487 F4F5  20 FA       	JR	NZ,SENDW_3
 1488 F4F7  F1          	POP	AF			;GET CHAR
 1489 F4F8  D3 E9       	OUT	(Z80_USB_DATA),A
 1490 F4FA  C9          	RET
 1491                   
 1492                   
 1493                   
 1494                   
 1495                   
 1496                   ;---------------------------------------------------------------
 1497                   ;---------------- SUPPORT ROUTINES -----------------------------
 1498                   ;---------------------------------------------------------------
 1499                   
 1500                   
 1501 F4FB  21 F97C     TOUT:	LD	HL,TOUTM		;PRINT TIMEOUT MESSAGE
 1502 F4FE  CD F298     	CALL	HIGH_PRINT_STRING
 1503 F501  DD 7E 02    	LD	A,(IX+ERRCT)
 1504 F504  CD F2B5     	CALL	HIGH_LBYTE		
 1505 F507  CD F2A3     	CALL	HIGH_CRLF
 1506 F50A  C9          	RET
 1507                   
 1508 F50B  F5          CO_A:	PUSH	AF			;PRINT VALUE of [A] on CRT
 1509 F50C  C5          	PUSH	BC
 1510 F50D  4F          	LD	C,A
 1511 F50E  CD F05B     	CALL	HIGH_CO
 1512 F511  C1          	POP	BC
 1513 F512  F1          	POP	AF
 1514 F513  C9          	RET
 1515                   
 1516 F514              CHECK_FOR_QUIT:				;MULTIPLE ERRORS, ASK IF TIME TO QUIT
 1517 F514  AF          	XOR	A,A			;GET 0
 1518 F515  DD 77 02    	LD	(IX+ERRCT),A		;RESET ERROR COUNT
 1519 F518  21 F985     	LD	HL,QUITM
 1520 F51B  CD F298     	CALL	HIGH_PRINT_STRING
 1521                   
 1522 F51E  DB 00       CI3:	IN 	A,CONSOL_STATUS		;NEED CONSTAT TO CLEAN UP SHIFT KEYS ETC
 1523 F520  E6 02       	AND	A,02H
 1524 F522  CA F51E     	JP	Z,CI3
 1525 F525  DB 01       	IN	A,CONSOL_IN
 1526 F527  E6 7F       	AND	A,7FH
 1527 F529  F5          	PUSH	AF			;SAVE CHAR
 1528 F52A  CD F2A3     	CALL	HIGH_CRLF
 1529 F52D  F1          	POP	AF
 1530 F52E  FE 52       	CP	A,'R'
 1531 F530  C8          	RET	Z			;RETURN IF RETRY
 1532 F531  FE 72       	CP	A,'r'
 1533 F533  C8          	RET	Z
Z80ASM SuperFast Relocating Macro Assembler     	    Z80ASM 1.30 Page  27
MASTER1 Z80

 1534 F534  FE 51       	CP	A,'Q'			;QUIT?
 1535 F536  C2 F53B     	JP	NZ,LCQ
 1536 F539  B7          	OR	A,A			;TURN OFF ZERO FLAG
 1537 F53A  C9          	RET
 1538 F53B  FE 71       LCQ:	CP	A,'q'
 1539 F53D  C2 F514     	JP	NZ,CHECK_FOR_QUIT
 1540 F540  B7          	OR	A,A			;TURN OFF ZERO FLAG
 1541 F541  C9          	RET
 1542                   
 1543 F542              XFER_CPLT:				;DONE - CLOSE UP SHOP
 1544 F542  21 FA16     	LD	HL,FINISH_SP		;Speak downloading finished
 1545 F545  CD F1B8     	CALL	HIGH_SPEAK
 1546 F548  21 F9B5     	LD	HL,MODEM_DONE_MSG
 1547 F54B  CD F298     	CALL	HIGH_PRINT_STRING
 1548 F54E  C3 F01C     EXIT:	JP	ACTIVATE_LOW_PAGE
 1549                   
 1550                   
 1551                   ;-------------- BOOT UP CPM FROM SD CARD ON S100COMPUTERS SD BOARD ----------------
 1552                   
 1553 F551              SDCPM:
 1554 F551  21 FAB5     	LD	HL,SDCPMLOAD$MSG	; CP/M load start message
 1555 F554  CD F298     	CALL	HIGH_PRINT_STRING
 1556                   	
 1557 F557  DB 80       	IN	A,(SD_STAT)
 1558 F559  FE FF       	CP	0FFH
 1559 F55B  20 09       	JR	NZ,INIT_SD
 1560 F55D  21 FD63     	LD	HL,NO$SDCARD$MSG	; CP/M load start message
 1561 F560  CD F298     	CALL	HIGH_PRINT_STRING
 1562 F563  C3 F54E     	JP	EXIT
 1563                   	
 1564 F566              INIT_SD:				; Initialize
 1565 F566  CD F60A     	CALL	SD_INIT			; initialize SD Card
 1566 F569  C2 F63E     	JP	NZ,ERR_MEDIA		; handle error
 1567 F56C  CD F2C4     	CALL	PRTDOT			; display progress
 1568                   
 1569                   	; Read sectors
 1570 F56F  06 0C       	LD	B,SEC_COUNT		; number of sectors to load
 1571 F571  21 0100     	LD	HL,CPM_ADDRESS		; memory buffer address
 1572 F574  11 0001     	LD	DE,1			; starting LBA
 1573 F577              SDCPM1:
 1574 F577  C5          	PUSH	BC			; save loop control
 1575 F578  D5          	PUSH	DE			; save LBA
 1576 F579  CD F614     	CALL	SD_SEEK			; seek to desired LBA
 1577 F57C  CC F626     	CALL	Z,SD_READBLK		; read sector, HL will be incremented
 1578 F57F  D1          	POP	DE			; recover LBA
 1579 F580  C1          	POP	BC			; recover loop control
 1580 F581  C2 F643     	JP	NZ,ERR_IO		; handle error
 1581 F584  13          	INC	DE			; next sector
 1582 F585  CD F2C4     	CALL	PRTDOT			; display progress
 1583 F588  10 ED       	DJNZ	SDCPM1			; loop till all sectors read
 1584                   
 1585                   	; Completion message
 1586 F58A  21 FAF9     	LD	HL,SDDONE$MSG		; completion message
 1587 F58D  CD F298     	CALL	HIGH_PRINT_STRING	; display it
 1588                   
 1589                   	; Back to main menu (page 0)
 1590                   	;JP	ACTIVATE_LOW_PAGE	; Return to main menu in ROM page A for debugging 
 1591                   					;code loaded
Z80ASM SuperFast Relocating Macro Assembler     	    Z80ASM 1.30 Page  28
MASTER1 Z80

 1592                   	; Check loaded image marker
 1593 F590  3A 0100     	LD	A,(STARTCPM)		; get first byte of loaded data
 1594 F593  FE 31       	CP	31H			; expect to have 31H, ie. ld sp,80h
 1595 F595  C2 F648     	JP	NZ,ERR_BADIMAGE		; handle invalid boot sector data
 1596                   
 1597                   	; Launch CP/M
 1598 F598  C3 0100     	JP	STARTCPM		; start CP/M
 1599                   
 1600                   
 1601                   
 1602                   
 1603                   ;-------------- BOOT UP ROMWBW FROM SD CARD ON S100COMPUTERS SD BOARD ----------------
 1604                   
 1605 F59B              SDWBW:
 1606 F59B  21 FAE7     	LD	HL,SDWBWLOAD$MSG	; ROMWBW load start message
 1607 F59E  CD F298     	CALL	HIGH_PRINT_STRING
 1608                   
 1609                   	; Initialize
 1610 F5A1  CD F60A     	CALL	SD_INIT			; initialize SD Card
 1611 F5A4  C2 F63E     	JP	NZ,ERR_MEDIA		; handle error
 1612 F5A7  CD F2C4     	CALL	PRTDOT			; display progress
 1613                   
 1614                   	; This is the main loading loop.  Each MMU bank is 16K, so we
 1615                   	; have an inner loop to read and load 32 sectors.  An outer
 1616                   	; loop increments the MMU bank selection, so we wind up loading
 1617                   	; the desired 128K in 8 consecutive banks.
 1618 F5AA  11 0400     	LD	DE,1024			; DE is LBA (start from sec 1024)
 1619 F5AD  0E 04       	LD	C,4			; C is MMU bank (start from 4)
 1620 F5AF              SDWBW1:
 1621                   	; Outer loop (once per bank)
 1622 F5AF  21 0000     	LD	HL,0000H		; HL is RAM address
 1623 F5B2  06 20       	LD	B,32			; B is sector count, load 32 sectors per bank
 1624 F5B4  79          	LD	A,C			; get bank to be loaded
 1625 F5B5  07          	RLCA				; rotate bank num
 1626 F5B6  07          	RLCA				; ... to top 6 bits
 1627 F5B7  D3 D2       	OUT	(MPGSEL_0),A		; and select it
 1628                   
 1629 F5B9              SDWBW2:
 1630                   	; Inner loop (once per sector)
 1631 F5B9  C5          	PUSH	BC			; save loop control
 1632 F5BA  D5          	PUSH	DE			; save LBA
 1633 F5BB  CD F614     	CALL	SD_SEEK			; seek to desired LBA
 1634 F5BE  CC F626     	CALL	Z,SD_READBLK		; read sector, HL will be incremented
 1635 F5C1  D1          	POP	DE			; recover LBA
 1636 F5C2  C1          	POP	BC			; recover loop control
 1637 F5C3  C2 F643     	JP	NZ,ERR_IO		; handle error
 1638 F5C6  13          	INC	DE			; next sector
 1639 F5C7  10 F0       	DJNZ	SDWBW2			; loop until all bank sectors done
 1640                   
 1641                   	; Show progress
 1642 F5C9  CD F2C4     	CALL	PRTDOT			; display progress
 1643                   
 1644                   	; Setup for next bank and check for done
 1645 F5CC  0C          	INC	C			; next bank
 1646 F5CD  79          	LD	A,C			; put in A
 1647 F5CE  FE 0C       	CP	4 + 8			; 128K / 16K = 8 banks
 1648 F5D0  20 DD       	JR	NZ,SDWBW1		; loop until all banks done
 1649                   
Z80ASM SuperFast Relocating Macro Assembler     	    Z80ASM 1.30 Page  29
MASTER1 Z80

 1650                   	; Setup the lower 16K with the first 16K of RomWBW
 1651 F5D2  3E 10       	LD	A,4 << 2		; first 16K bank
 1652 F5D4  D3 D2       	OUT	(MPGSEL_0),A		; set it
 1653                   
 1654                   	; Completion message
 1655 F5D6  21 FAF9     	LD	HL,SDDONE$MSG		; load complete message
 1656 F5D9  CD F298     	CALL	HIGH_PRINT_STRING	; display it
 1657                   
 1658                   	;; Back to main menu (page 0)
 1659                   	;JP	ACTIVATE_LOW_PAGE	; Return to main menu in ROM page A
 1660                   
 1661                   	; Check loaded image marker
 1662 F5DC  2A 0004     	LD	HL,(0004H)		; marker bytes location ptr
 1663 F5DF  7E          	LD	A,(HL)
 1664 F5E0  FE 76       	CP	076H			; first marker byte
 1665 F5E2  C2 F648     	JP	NZ,ERR_BADIMAGE		; handle invalid boot sector data
 1666 F5E5  23          	INC	HL
 1667 F5E6  7E          	LD	A,(HL)
 1668 F5E7  FE B5       	CP	0B5H			; second marker byte
 1669 F5E9  C2 F648     	JP	NZ,ERR_BADIMAGE		; handle invalid boot sector data
 1670                   
 1671                   	; Launch RomWBW
 1672 F5EC  C3 0000     	JP	0000H			; start RomWBW
 1673                   
 1674                   ;-------------- SD CARD SUPPORT ROUTINES ----------------
 1675                   
 1676                   ; Send command in C to SD interface, command result in A
 1677 F5EF              SD_CMD:
 1678 F5EF  C5          	PUSH	BC			; save command byte
 1679 F5F0  0E 33       	LD	C,33H			; set command prefix byte
 1680 F5F2  CD F5F6     	CALL	SD_PUTBYTE		; send it
 1681 F5F5  C1          	POP	BC			; recover command byte
 1682                   	; fall thru to send command byte
 1683                   
 1684                   ; Write byte in C to SD interface, put result in A
 1685 F5F6              SD_PUTBYTE:
 1686 F5F6  DB 80       	IN	A,(SD_STAT)		; get status
 1687 F5F8  CB 47       	BIT	0,A			; check bit 0 for ready to send
 1688 F5FA  20 FA       	JR	NZ,SD_PUTBYTE		; if not, loop
 1689 F5FC  79          	LD	A,C			; byte to send to A
 1690 F5FD  D3 81       	OUT	(SD_DATA),A		; send it
 1691 F5FF  C9          	RET
 1692                   
 1693                   ; Read a byte from SD interface to C, read result in A
 1694 F600              SD_GETBYTE:
 1695 F600  DB 80       	IN	A,(SD_STAT)		; get status
 1696 F602  CB 7F       	BIT	7,A			; check bit 7 for ready to read
 1697 F604  28 FA       	JR	Z,SD_GETBYTE		; if not, loop
 1698 F606  DB 81       	IN	A,(SD_DATA)		; get the byte
 1699 F608  4F          	LD	C,A			; put in C
 1700 F609  C9          	RET
 1701                   
 1702                   ; Initialize the SD Card, init result in A
 1703 F60A              SD_INIT:
 1704 F60A  0E 80       	LD	C,SD$CMD$INIT0		; setup command
 1705 F60C  CD F5EF     	CALL	SD_CMD			; send it
 1706 F60F  CD F600     	CALL	SD_GETBYTE		; get result
 1707 F612  B7          	OR	A			; set flags
Z80ASM SuperFast Relocating Macro Assembler     	    Z80ASM 1.30 Page  30
MASTER1 Z80

 1708 F613  C9          	RET
 1709                   
 1710                   ; Seek to LBA in DE, seek result in A
 1711 F614              SD_SEEK:
 1712 F614  0E 84       	LD	C,SD$CMD$SETTRKSEC	; setup command
 1713 F616  CD F5EF     	CALL	SD_CMD			; send it
 1714 F619  4A          	LD	C,D			; setup track byte
 1715 F61A  CD F5F6     	CALL	SD_PUTBYTE		; send it
 1716 F61D  4B          	LD	C,E			; setup sector byte
 1717 F61E  CD F5F6     	CALL	SD_PUTBYTE		; send it
 1718 F621  CD F600     	CALL	SD_GETBYTE		; get result
 1719 F624  B7          	OR	A			; set flags
 1720 F625  C9          	RET
 1721                   
 1722                   ; Read a sector into buf at HL, read result in A
 1723 F626              SD_READBLK:
 1724 F626  0E 85       	LD	C,SD$CMD$READ		; setup command
 1725 F628  CD F5EF     	CALL	SD_CMD			; send it
 1726 F62B  06 00       	LD	B,0			; 256 loops, 2 bytes each
 1727 F62D              SD_READBLK1:
 1728 F62D  CD F600     	CALL	SD_GETBYTE		; get next byte
 1729 F630  71          	LD	(HL),C			; save it
 1730 F631  23          	INC	HL			; bump buf ptr
 1731 F632  CD F600     	CALL	SD_GETBYTE		; get next byte
 1732 F635  71          	LD	(HL),C			; save it
 1733 F636  23          	INC	HL			; bump buf ptr
 1734 F637  10 F4       	DJNZ	SD_READBLK1		; loop as needed
 1735 F639  CD F600     	CALL	SD_GETBYTE		; get result
 1736 F63C  B7          	OR	A			; set flags
 1737 F63D  C9          	RET
 1738                   
 1739                   ; Error handlers
 1740 F63E              ERR_MEDIA:
 1741 F63E  21 FAFF     	LD	HL,NOMEDIA$MSG
 1742 F641  18 0A       	JR	ERR_ABORT
 1743 F643              ERR_IO:
 1744 F643  21 FB25     	LD	HL,IOERR$MSG
 1745 F646  18 05       	JR	ERR_ABORT
 1746 F648              ERR_BADIMAGE:
 1747 F648  21 FB3B     	LD	HL,BADIMAGE$MSG
 1748 F64B  18 00       	JR	ERR_ABORT
 1749                   
 1750 F64D              ERR_ABORT:
 1751 F64D  CD F298     	CALL	HIGH_PRINT_STRING
 1752 F650  AF          	XOR	A			; reset low 16K bank
 1753 F651  D3 D2       	OUT	(MPGSEL_0),A		; ... to 0
 1754 F653  C3 F01C     	JP	ACTIVATE_LOW_PAGE
 1755                   
 1756                   ;
 1757                   ;
 1758                   ;------------------------------------------------------------------------------------------
 1759                   ;
 1760                   ;  ROUTINE TO GET THE TIME DATA FROM THE CMOS-RTC Chip on the MSDOS Support Board 
 1761                   ;  If No MSDOS board will return with SCF
 1762                   ;
 1763                   ;-------------------------------------------------------------------------------------------
 1764                   
 1765 F656              SHOW_TIME:	
Z80ASM SuperFast Relocating Macro Assembler     	    Z80ASM 1.30 Page  31
MASTER1 Z80

 1766 F656  21 FD86     	LD	HL,TIME_MSG
 1767 F659  CD F298     	CALL	HIGH_PRINT_STRING	;Print message up to '$'
 1768 F65C  CD F66B     	CALL	PRINT_TIME
 1769                   	
 1770 F65F              SHOW_DATE:	
 1771 F65F  21 FD90     	LD	HL,DATE_MSG
 1772 F662  CD F298     	CALL	HIGH_PRINT_STRING	;Print message up to '$'
 1773 F665  CD F6AC     	CALL	PRINT_DATE
 1774 F668  C3 F01C     	JP	ACTIVATE_LOW_PAGE
 1775                   
 1776                   								
 1777 F66B              PRINT_TIME:	
 1778 F66B  CD F6FB     	CALL	UPD_IN_PR		;CHECK FOR UPDATE IN PROCESS 
 1779 F66E  D2 F674     	JP	NC,RTC_2A		;GO AROUND IF OK
 1780 F671  C3 F68F     	JP	RTC_ERROR		;IF ERROR
 1781                   
 1782 F674              RTC_2A:	
 1783 F674  1E FE       	LD	E,-2			;-2 goes to 0 for PORT_INC_2 
 1784 F676  CD F720     	CALL	PORT_INC_2		;SET ADDRESS OF SECONDS
 1785 F679  DB 71       	IN	A,(CMOS_PORT+1)		;Get BCD value returned
 1786 F67B  57          	LD	D,A			;SAVE IN D
 1787 F67C  CD F720     	CALL	PORT_INC_2		;SET ADDRESS OF MINUTES
 1788 F67F  DB 71       	IN	A,(CMOS_PORT+1)		;Get BCD value returned
 1789 F681  4F          	LD	C,A			;SAVE IN C
 1790 F682  CD F720     	CALL	PORT_INC_2		;SET ADDRESS OF HOURS
 1791 F685  DB 71       	IN	A,(CMOS_PORT+1)		;Get BCD value returned
 1792 F687  47          	LD	B,A			;SAVE
 1793 F688  1E 00       	LD	E,0			;SET E TO ZERO
 1794 F68A  CD F691     	CALL	DisplayTime
 1795 F68D  AF          	XOR	A,A			;Clear Carry
 1796 F68E  C9          	RET				;BACK TO MONITOR
 1797                   
 1798 F68F              RTC_ERROR:				;Indicate RTC Board is not present or Error
 1799 F68F  37          	SCF				;SET CARRY FOR ERROR
 1800 F690  C9          	RET
 1801                   	
 1802                   ;Display time
 1803                   ;	Arrive with B = HOURS IN BCD
 1804                   ;		    C = Minutes in BCD
 1805                   ;		    D = Seconds in BCD
 1806 F691              DisplayTime:
 1807 F691  D5          	PUSH	DE
 1808 F692  C5          	PUSH	BC
 1809 F693  78          	LD	A,B
 1810 F694  CD F727     	CALL	PRINT_BCD		;Hours.  Convert BCD to ASCII
 1811 F697  0E 3A       	LD	C,':'
 1812 F699  CD F009     	CALL	ZCO
 1813 F69C  C1          	POP	BC
 1814 F69D  79          	LD	A,C
 1815 F69E  CD F727     	CALL	PRINT_BCD		;Minutes.  Convert BCD to ASCII
 1816 F6A1  0E 3A       	LD	C,':'
 1817 F6A3  CD F009     	CALL	ZCO
 1818 F6A6  D1          	POP	DE
 1819 F6A7  7A          	LD	A,D
 1820 F6A8  CD F727     	CALL	PRINT_BCD		;Seconds.  Convert BCD to ASCII
 1821 F6AB  C9          	RET
 1822                   
 1823 F6AC              PRINT_DATE:
Z80ASM SuperFast Relocating Macro Assembler     	    Z80ASM 1.30 Page  32
MASTER1 Z80

 1824 F6AC  CD F6FB     	CALL	UPD_IN_PR
 1825 F6AF  D2 F6B5     	JP	NC,RTC_4A
 1826 F6B2  C3 F68F     	JP	RTC_ERROR		;IF ERROR
 1827                   	
 1828 F6B5  1E 06       RTC_4A:	LD	E,6
 1829 F6B7  CD F71A     	CALL	PORT_INC		;POINT TO DAY
 1830 F6BA  DB 71       	IN	A,(CMOS_PORT+1)
 1831 F6BC  47          	LD	B,A			;SAVE IN A
 1832 F6BD  CD F71A     	CALL	PORT_INC		;POINT TO MONTH
 1833 F6C0  DB 71       	IN	A,(CMOS_PORT+1)
 1834 F6C2  57          	LD	D,A			;SAVE IN D
 1835 F6C3  CD F71A     	CALL	PORT_INC		;POINT TO YEAR
 1836 F6C6  DB 71       	IN	A,(CMOS_PORT+1)
 1837 F6C8  4F          	LD	C,A			;SAVE IN C
 1838 F6C9  1E 31       	LD	E,31H			;POINT TO CENTURY BYTE SAVE AREA
 1839 F6CB  CD F71A     	CALL	PORT_INC		;
 1840 F6CE  DB 71       	IN	A,(CMOS_PORT+1)		;GET VALUE
 1841 F6D0  58          	LD	E,B			;GET DAY BACK
 1842 F6D1  47          	LD	B,A
 1843 F6D2  CD F6D7     	CALL	DisplayDate
 1844 F6D5  AF          	XOR	A,A			;Clear Carry
 1845 F6D6  C9          	RET	  			;FINISHED
 1846                   
 1847                   
 1848                   ;Display date
 1849                   ;	Return	B = CENTURY IN BCD
 1850                   ;		C = Year in BCD
 1851                   ;		D = Month in BCD
 1852                   ;		E = Day in BCD
 1853 F6D7              DisplayDate:
 1854 F6D7  D5          	PUSH	DE
 1855 F6D8  D5          	PUSH	DE
 1856 F6D9  C5          	PUSH	BC
 1857 F6DA  C5          	PUSH	BC
 1858                   					;I am having a problem obtaining teh century.
 1859 F6DB  C1          	POP	BC			;just force it to year 2000
 1860 F6DC  3E 20       	LD	A,20H			;<--20
 1861 F6DE  CD F727     	CALL	PRINT_BCD		;Century (19/20).  Convert BCD to ASCII
 1862 F6E1  C1          	POP	BC
 1863 F6E2  79          	LD	A,C
 1864 F6E3  CD F727     	CALL	PRINT_BCD		;Year.  Convert BCD to ASCII
 1865 F6E6  0E 2F       	LD	C,'/'
 1866 F6E8  CD F009     	CALL	ZCO
 1867 F6EB  D1          	POP	DE
 1868 F6EC  7A          	LD	A,D
 1869 F6ED  CD F727     	CALL	PRINT_BCD		;Month.  Convert BCD to ASCII
 1870 F6F0  0E 2F       	LD	C,'/'
 1871 F6F2  CD F009     	CALL	ZCO
 1872 F6F5  D1          	POP	DE
 1873 F6F6  7B          	LD	A,E
 1874 F6F7  CD F727     	CALL	PRINT_BCD		;Day.  Convert BCD to ASCII
 1875 F6FA  C9          	RET
 1876                   
 1877                   
 1878 F6FB              UPD_IN_PR:				;Check we are ready to read clock
 1879 F6FB  C5          	PUSH	BC
 1880 F6FC  01 0258     	LD	BC,600			;SET LOOP COUNT
 1881 F6FF  3E 0A       UPDATE:	LD	A,0AH			;ADDRESS OF [A] REGISTER
Z80ASM SuperFast Relocating Macro Assembler     	    Z80ASM 1.30 Page  33
MASTER1 Z80

 1882 F701  D3 70       	OUT	(CMOS_PORT),A
 1883 F703  00          	NOP
 1884 F704  00          	NOP
 1885 F705  00          	NOP
 1886 F706  DB 71       	IN	A,(CMOS_PORT+1)		;READ  IN REGISTER [A]
 1887 F708  E6 80       	AND	A,80H			;IF 8XH--> UIP BIT  IS ON (CANNOT READ TIME)
 1888 F70A  CA F717     	JP	Z,UPD_IN_PREND		;Are we ready/done
 1889 F70D  0B          	DEC	BC
 1890 F70E  79          	LD	A,C
 1891 F70F  B0          	OR	A,B
 1892 F710  C2 F6FF     	JP	NZ,UPDATE		;Try again
 1893 F713  AF          	XOR	A,A			;
 1894 F714  37          	SCF				;SET CARRY FOR ERROR
 1895 F715  C1          	POP	BC
 1896 F716  C9          	RET
 1897 F717              UPD_IN_PREND:
 1898 F717  AF          	XOR	A,A			;Clear Carry
 1899 F718  C1          	POP	BC
 1900 F719  C9          	RET				;RETURN
 1901                   
 1902 F71A              PORT_INC:
 1903 F71A  7B          	LD	A,E
 1904 F71B  3C          	INC	A			;INCREMENT ADDRESS
 1905 F71C  5F          	LD	E,A
 1906 F71D  D3 70       	OUT	(CMOS_PORT),A
 1907 F71F  C9          	RET
 1908                   
 1909                   
 1910 F720              PORT_INC_2:
 1911 F720  7B          	LD	A,E
 1912 F721  C6 02       	ADD	2			;INCREMENT ADDRESS
 1913 F723  5F          	LD	E,A
 1914 F724  D3 70       	OUT	(CMOS_PORT),A
 1915 F726  C9          	RET
 1916                   
 1917                   
 1918 F727              PRINT_BCD:				;Print BCD in [A]
 1919 F727  F5          	PUSH	AF
 1920 F728  F5          	PUSH	AF
 1921 F729  1F          	RRA	
 1922 F72A  1F          	RRA	
 1923 F72B  1F          	RRA	
 1924 F72C  1F          	RRA	
 1925 F72D  E6 0F       	AND	A,0FH
 1926 F72F  C6 30       	ADD	A,30H
 1927 F731  4F          	LD	C,A			;Write high byte mins to CRT
 1928 F732  CD F009     	CALL	ZCO
 1929 F735  F1          	POP	AF
 1930 F736  E6 0F       	AND	A,0FH
 1931 F738  C6 30       	ADD	A,30H
 1932 F73A  4F          	LD	C,A
 1933 F73B  CD F009     	CALL	ZCO
 1934 F73E  F1          	POP	AF
 1935 F73F  C9          	RET
 1936                   
 1937                   	
 1938                   
 1939                   ;-------------------------------------------------------------------------------------------------
Z80ASM SuperFast Relocating Macro Assembler     	    Z80ASM 1.30 Page  34
MASTER1 Z80

 1940                   ;			Detect boards in thisd S100 Bus system
 1941                   ;-------------------------------------------------------------------------------------------------
 1942                   
 1943 F740              HIGH_BOARDS:
 1944 F740  21 FB5B     	LD      HL,S100_BOARDS_MSG	; The following S100 Boards were detected in the S100 Bus
 1945 F743  CD F298     	CALL	HIGH_PRINT_STRING	; Print string
 1946 F746  DB 00       	IN	A,(CONSOL_STATUS)
 1947 F748  FE FF       	CP	0FFH
 1948 F74A  CA F750     	JP	Z,NO_PROPELLER1
 1949 F74D  C3 F756     	JP	IS_PROPELLER
 1950 F750              NO_PROPELLER1:	
 1951 F750  DB 01       	IN	A,(CONSOL_IN)
 1952 F752  FE FF       	CP	0FFH
 1953 F754  28 06       	JR	Z,NO_PROPELLER2
 1954                   	
 1955 F756              IS_PROPELLER:
 1956 F756  21 FB97     	LD      HL,PROPELLER_MSG	; Propeller Board 
 1957 F759  CD F298     	CALL	HIGH_PRINT_STRING	; Print string
 1958                   
 1959 F75C              NO_PROPELLER2:	
 1960 F75C  DB C2       	IN	A,(PRINTER_CTRL)	;ST8C4 on S100_Parallel_IO Board for Printer output
 1961 F75E  FE FF       	CP	0FFH
 1962 F760  28 08       	JR	Z,NO_ST8C4
 1963 F762  21 FBB4     	LD      HL,PARALLEL_PORTS_MSG	; Parallel Ports IO Board 
 1964 F765  CD F298     	CALL	HIGH_PRINT_STRING	; Print string
 1965 F768  18 0C       	JR	NO_IMSAI_PP
 1966 F76A              NO_ST8C4:
 1967 F76A  DB C1       	IN	A,(PRINTER_STATUS)	;IMSAI Parallel ports board
 1968 F76C  FE FF       	CP	0FFH
 1969 F76E  28 06       	JR	Z,NO_IMSAI_PP
 1970 F770  21 FBCE     	LD      HL,IMSAI_PARALLEL_MSG	; IMSAI Parallel Ports IO Board 
 1971 F773  CD F298     	CALL	HIGH_PRINT_STRING	; Print string
 1972                   
 1973 F776              NO_IMSAI_PP:
 1974 F776  DB EF       	IN	A,(IOBYTE)		; IOBYTE on smb or IMSAI FP Board or V3 Z80 CPU board
 1975 F778  FE FF       	CP	0FFH
 1976 F77A  28 06       	JR	Z,NO_SMB		; Unfortunately it will not detect the default IOBYTE mode
 1977 F77C  21 FBEE     	LD      HL,SMB_MSG	        ; SMB or S100 Computers FP Board 
 1978 F77F  CD F298     	CALL	HIGH_PRINT_STRING	; Print string
 1979                   
 1980 F782              NO_SMB:
 1981 F782  3E 7F       	LD	A,01111111B		;Check for MSDOS Support board. Send 7FH to 8259A and check it is there
 1982 F784  D3 21       	OUT	(MASTER_PIC_PORT+1),A
 1983 F786  DB 21       	IN	A,(MASTER_PIC_PORT+1)
 1984 F788  FE 7F       	CP	A,01111111B		;Should get same value back if 8259A is present
 1985 F78A  20 0A       	JR	NZ,NO_MSDOS_BRD
 1986 F78C  3E FF       	LD	A,11111111B		;Allow No Ints on 8259A for now
 1987 F78E  D3 21       	OUT	(MASTER_PIC_PORT+1),A
 1988 F790  21 FC20     	LD      HL,MSDOS_BRD_MSG	; MSDOS Board present
 1989 F793  CD F298     	CALL	HIGH_PRINT_STRING	; Print string
 1990                   
 1991 F796              NO_MSDOS_BRD:
 1992 F796  DB A0       	IN	A,(BCTL)		;CHANNEL B CONTROL PORT OF Serial Ports Board
 1993 F798  FE FF       	CP	0FFH 
 1994 F79A  28 06       	JR	Z,NO_SERIAL_BRD
 1995 F79C  21 FC36     	LD      HL,SERIAL_BRD_MSG	; Serial Board present
 1996 F79F  CD F298     	CALL	HIGH_PRINT_STRING	; Print string
 1997                   
Z80ASM SuperFast Relocating Macro Assembler     	    Z80ASM 1.30 Page  35
MASTER1 Z80

 1998 F7A2              NO_SERIAL_BRD:
 1999 F7A2  DB 30       	IN	A,(IDEAport)		;lower 8 bits of IDE interface
 2000 F7A4  FE FF       	CP	0FFH 
 2001 F7A6  28 06       	JR	Z,NO_IDE_BRD
 2002 F7A8  21 FC45     	LD      HL,IDE_BRD_MSG		; IDE Board present
 2003 F7AB  CD F298     	CALL	HIGH_PRINT_STRING	; Print string
 2004                   
 2005 F7AE              NO_IDE_BRD:
 2006 F7AE  DB 11       	IN	A,(S100_STATUS_A)	;Status port for A port in ZFDC
 2007 F7B0  FE FF       	CP	0FFH 
 2008 F7B2  28 06       	JR	Z,NO_ZFDC_BRD
 2009 F7B4  21 FC54     	LD      HL,ZFDC_BRD_MSG		; ZFDC Board present
 2010 F7B7  CD F298     	CALL	HIGH_PRINT_STRING	; Print string
 2011                   
 2012 F7BA              NO_ZFDC_BRD:
 2013 F7BA  DB 54       	IN	A,(STATUS)		;Status port Versafloppy II board
 2014 F7BC  FE FF       	CP	0FFH 
 2015 F7BE  28 06       	JR	Z,NO_VF_BRD
 2016 F7C0  21 FC61     	LD      HL,VFC_BRD_MSG		; VF Board present
 2017 F7C3  CD F298     	CALL	HIGH_PRINT_STRING	; Print string
 2018                   
 2019                   
 2020 F7C6              NO_VF_BRD:
 2021 F7C6  DB 80       	IN	A,(SD_STAT)		;Status port of SD Card Board
 2022 F7C8  FE FF       	CP	0FFH 
 2023 F7CA  28 06       	JR	Z,NO_SD_BRD
 2024 F7CC  21 FC76     	LD      HL,SD_BRD_MSG		; SD Board present
 2025 F7CF  CD F298     	CALL	HIGH_PRINT_STRING	; Print string
 2026                   
 2027 F7D2              NO_SD_BRD:
 2028 F7D2  DB 89       	IN	A,(SUP_ACTL)		;Port on SUPER IO Board II
 2029 F7D4  FE FF       	CP	0FFH 
 2030 F7D6  28 06       	JR	Z,NO_SUPER_II_BRD
 2031 F7D8  21 FC93     	LD      HL,SUPER_II_BRD_MSG	; Super IO Board present
 2032 F7DB  CD F298     	CALL	HIGH_PRINT_STRING	; Print string
 2033                   
 2034 F7DE              NO_SUPER_II_BRD:
 2035 F7DE  DB E8       	IN	A,(Z80_USB_STATUS)	;USB Status Port on V3 Z80 CPU Board
 2036 F7E0  CB 4F       	BIT	1,A
 2037 F7E2  20 06       	JR	NZ,NO_V3_USB_Z80
 2038 F7E4  21 FCCB     	LD      HL,V3_Z80_BRD_MSG	; Super IO Board present
 2039 F7E7  CD F298     	CALL	HIGH_PRINT_STRING	; Print string
 2040                   
 2041 F7EA              NO_V3_USB_Z80:
 2042 F7EA  21 FCF2     	LD      HL,DONE_BRDS		; More boards undetected here are posibly present
 2043 F7ED  CD F298     	CALL	HIGH_PRINT_STRING	; Print string
 2044                   
 2045 F7F0  C3 F01C     	JP	ACTIVATE_LOW_PAGE
 2046                   	
 2047                   
 2048                   ;---------------------------------------------------------------------------------------------------------------
 2049 F7F3  0D 0A 44 6F MODEM_SIGNON:	DB	CR,LF,'Download a binary file from a PC to 100H in RAM',CR,LF
 2050 F826  31 2E 20 44 		DB	'1. Download via S100 Computers serial board serial port',CR,LF
 2051 F85F  32 2E 20 44 		DB	'2. Download via S100 Computers serial board USB port',CR,LF
 2052 F895  33 2E 20 44 		DB	'3. Download via S100 Computers V3 Z80 CPU board USB port',CR,LF
 2053 F8CF  2D 3E 24    		DB	'->$'
 2054                   		
 2055 F8D2  0D 0A 5A 69 MODEM_SCC_MSG:	DB	CR,LF,'Zilog SCC Ports A1H & A3H. Requires RTS & CTS, 19,200 Baud.1 stop bit, NP.',CR,LF,'$'
Z80ASM SuperFast Relocating Macro Assembler     	    Z80ASM 1.30 Page  36
MASTER1 Z80

 2056 F921  57 41 49 54 RMSG:		DB	'WAITING FOR SECTOR #$'
 2057 F936  48 20 52 45 ERRSOH:		DB	'H RECEIVED, NOT SOH',0DH,0AH,'$'
 2058 F94C  2B 2B 42 41 ERR2:		DB	'++BAD SECTOR # IN HDR',0DH,0AH,'$'
 2059 F964  2B 2B 42 41 ERR3:		DB	'++BAD CKSUM ON SECTOR',0DH,0AH,'$'
 2060 F97C  54 49 4D 45 TOUTM:		DB	'TIMEOUT $'
 2061 F985  0D 0A 4D 55 QUITM:		DB	0DH,0AH,'MULTIPLE ERRORS.'
 2062 F997  0D 0A 54 59 		DB	0DH,0AH,'TYPE Q TO QUIT, R TO RETRY:$'
 2063 F9B5  0D 0A 54 52 MODEM_DONE_MSG:	DB	13,10,'TRANSFER COMPLETE$'
 2064 F9C9  0D 0A 49 4E BAD_HEADER_MSG:	DB	CR,LF,'INVALID HEADER.',0DH,0AH,'$'
 2065 F9DD  48 2E 20 49 MODEM_RAM_MSG:	DB	'H. If OK will write to RAM at $'
 2066 F9FC  44 6F 77 6E DOWNLOAD_SP:	DB	'Downloading file Started.$'
 2067                   
 2068 FA16  44 6F 77 6E FINISH_SP:	DB	'Down loading of file complete.  No Errors$'
 2069 FA40  0D 0A 45 6E MODEM_RAM_LOC:	DB	CR,LF,'Enter RAM location (xxxxH +CR): $'
 2070 FA63  4D 65 6E 75 M_ERROR_MSG:	DB	'Menu Error'CR,LF,BELL,'$'
 2071 FA71  4E 6F 20 52 NoHighPageMsg:	DB	'No ROM HigH Page!',CR,LF,BELL,'$'
 2072 FA86  0D 0A 49 6E INVALID_PARM_MSG: DB	CR,LF,'Invalid paramater passed to HIGH Page ROM',CR,LF,BELL,'$'
 2073                   
 2074 FAB5  0D 0A 4C 6F SDCPMLOAD$MSG	DB	CR,LF,'Loading CPM from Dual SD Card Board (SD Card 1)','$'
 2075 FAE7  0D 0A 4C 6F SDWBWLOAD$MSG	DB	CR,LF,'Loading RomWBW ','$'
 2076 FAF9  20 44 6F 6E SDDONE$MSG	DB	' Done$'
 2077 FAFF  0D 0A 2A 2A NOMEDIA$MSG	DB	CR,LF,'*** No media or media failure ***',CR,LF,'$'
 2078 FB25  0D 0A 2A 2A IOERR$MSG	DB	CR,LF,'*** I/O Error ***',CR,LF,'$'
 2079 FB3B  07 0D 0A 2A BADIMAGE$MSG	DB	BELL,CR,LF,'*** Invalid boot image ***',CR,LF,'$'
 2080                   
 2081 FB5B  0D 0A 54 68 S100_BOARDS_MSG	DB	CR,LF,'The following S100 Boards were detected in the S100 Bus:-$'
 2082 FB97  0D 0A 50 72 PROPELLER_MSG	DB	CR,LF,'Propeller Console IO Board$'
 2083                   
 2084 FBB4  0D 0A 50 61 PARALLEL_PORTS_MSG DB	CR,LF,'Parallel Ports IO Board$'
 2085 FBCE  0D 0A 49 4D IMSAI_PARALLEL_MSG  DB	CR,LF,'IMSAI Parallel Ports IO Board$' 
 2086 FBEE  0D 0A 53 4D SMB_MSG	        DB	CR,LF,'SMB,S100 Computers FP Board or V3 Z80 CPU board$'
 2087 FC20  0D 0A 4D 53 MSDOS_BRD_MSG	DB	CR,LF,'MSDOS Support Board$'
 2088                   
 2089 FC36  0D 0A 53 65 SERIAL_BRD_MSG	DB	CR,LF,'Serial Board$'
 2090 FC45  0D 0A 43 46 IDE_BRD_MSG	DB	CR,LF,'CF/IDE Board$'
 2091                   
 2092 FC54  0D 0A 5A 46 ZFDC_BRD_MSG	DB	CR,LF,'ZFDC Board$'
 2093 FC61  0D 0A 56 65 VFC_BRD_MSG	DB	CR,LF,'Versa Floppy Board$'
 2094                   
 2095 FC76  0D 0A 53 44 SD_BRD_MSG	DB	CR,LF,'SD Board or FPGA FDC Board$'
 2096 FC93  0D 0A 53 75 SUPER_II_BRD_MSG DB	CR,LF,'Super IO Board or Super IO Board II or FPGA VGA Board$'
 2097 FCCB  0D 0A 55 53 V3_Z80_BRD_MSG	DB	CR,LF,'USB port present on V3 Z80 CPU Board$'
 2098 FCF2  0D 0A 4E 6F DONE_BRDS	DB      CR,LF,'Note: More boards undetected are posibly present$'
 2099                   
 2100 FD25  0D 0A 53 65 NO_SERIAL_MSGG	DB	CR,LF,'Serial Board not detected!$'
 2101 FD42  0D 0A 56 33 NO_Z80_USB_MSGG	DB	CR,LF,'V3 Z80 CPU board not detected!$'
 2102                   ;
 2103 FD63  0D 0A 07 4E NO$SDCARD$MSG	DB	CR,LF,BELL,'No Dual SD CARD Board detected!$'
 2104                   
 2105 FD86  0D 0A 54 69 TIME_MSG:	DB	CR,LF,'Time:- $'
 2106 FD90  0D 0A 44 61 DATE_MSG:	DB	CR,LF,'Date:- $'
 2107                   
 2108                   
 2109                   ;
 2110 FD9A  20 20 45 6E END_OF_ROM_PAGE: DB	'  End of ROM HIGH PAGE-->'
 2111                   
 2112                   ;END
Z80ASM SuperFast Relocating Macro Assembler     	    Z80ASM 1.30 Page  37


 0 Error(s) Detected.
 3507 Absolute Bytes. 437 Symbols Detected.
